id,release_year,runtime,genres,seasons,imdb_score,imdb_votes
ts20945,1934,19,"['comedy', 'family']",26,8.5,1149
ts37076,1950,30,['comedy'],21,8.6,1529
ts55748,1950,30,"['reality', 'family']",18,8.5,1658
ts224955,1935,20,[],1,0.0,0
ts3386,1961,51,"['scifi', 'action', 'crime', 'romance', 'thriller', 'comedy']",8,8.3,8195
ts42867,1968,28,"['family', 'fantasy', 'music']",31,8.7,9043
ts3948,1972,29,['comedy'],6,8.1,6171
ts22147,1965,25,"['scifi', 'comedy', 'family', 'fantasy']",5,7.4,16298
ts5480,1979,29,"['comedy', 'family']",7,7.1,3700
ts7329,1975,29,"['comedy', 'drama']",8,8.3,6525
ts938,1976,52,"['action', 'crime', 'drama']",5,6.5,13298
ts21048,1975,25,['comedy'],11,7.5,9865
ts30627,1970,22,"['comedy', 'animation', 'family', 'music']",1,6.2,2177
ts21049,1970,28,['comedy'],7,8.2,9326
ts14548,1966,24,"['drama', 'scifi', 'fantasy', 'horror', 'romance', 'thriller']",12,8.1,4981
ts22579,1965,50,"['scifi', 'comedy', 'family', 'fantasy']",3,5.4,8
ts21973,1964,59,"['drama', 'war']",3,8.1,1269
ts3638,1978,26,"['comedy', 'drama', 'family']",8,6.6,11738
ts21163,1979,60,"['action', 'drama', 'romance', 'crime']",5,6.6,8121
ts21132,1958,26,"['western', 'action']",3,8.0,2511
ts46032,1968,50,['documentation'],23,8.4,263
ts22096,1968,30,['comedy'],6,6.9,1668
ts21689,1974,60,['documentation'],50,8.7,2869
ts36428,1970,30,"['family', 'comedy', 'music']",4,6.5,4338
ts21930,1971,23,"['action', 'scifi', 'animation', 'comedy', 'crime']",6,7.9,2252
ts21125,1975,55,"['drama', 'action', 'crime']",4,7.0,9706
ts20459,1972,30,['comedy'],6,7.9,9945
ts212799,1958,26,['action'],1,7.1,130
ts238,1976,52,['drama'],2,8.3,1449
ts21412,1960,51,['drama'],4,7.7,1800
ts36323,1976,53,['comedy'],1,7.7,18
ts20690,1962,30,['comedy'],6,7.2,2941
ts13300,1953,30,"['comedy', 'family']",11,7.1,1147
ts28251,1956,9,"['animation', 'fantasy', 'comedy', 'family']",2,7.0,1537
ts15301,1978,63,"['drama', 'history']",1,7.7,241
ts950,1952,27,['action'],1,7.1,119
ts6953,1958,30,"['comedy', 'family']",8,7.4,1732
ts34453,1980,33,['comedy'],2,6.7,367
ts5220,1952,30,"['comedy', 'family', 'drama']",14,7.4,1449
ts70446,1978,25,"['scifi', 'action']",1,7.3,189
ts13111,1965,60,"['western', 'drama']",4,7.6,3148
ts22764,1960,30,"['western', 'drama', 'action']",1,8.1,246
ts17223,1980,57,['documentation'],2,9.1,301
ts21141,1958,28,"['action', 'western']",1,7.9,413
ts17884,1980,28,['family'],1,7.4,108
ts3622,1967,30,"['scifi', 'fantasy', 'comedy']",3,6.4,2592
ts131586,1980,24,"['action', 'drama', 'sport', 'animation']",1,8.9,598
ts3277,1956,55,"['documentation', 'war']",1,7.6,39
ts184102,1972,45,"['drama', 'war']",1,4.9,140
ts132526,1954,14,['documentation'],1,8.1,141
ts20030,1982,30,"['comedy', 'drama']",8,7.8,7160
ts20031,1982,54,"['drama', 'comedy', 'thriller', 'action', 'crime', 'romance', 'documentation']",5,7.2,9123
ts21396,1990,21,"['comedy', 'family', 'european']",3,8.6,123198
ts5914,1981,58,"['action', 'comedy']",5,7.0,8066
ts20473,1981,49,"['drama', 'crime']",7,8.2,9540
ts88551,1989,28,[],1,0.0,0
ts41693,1989,24,['comedy'],5,8.4,10694
ts20392,1986,23,"['action', 'comedy', 'family', 'fantasy', 'scifi', 'animation']",7,7.6,10301
ts24751,1983,23,"['action', 'scifi', 'animation', 'family']",3,7.2,765
ts39067,1983,28,['family'],21,8.4,4839
ts242,1989,46,"['action', 'crime', 'drama', 'romance']",11,5.3,27179
ts21715,1984,10,"['animation', 'family', 'fantasy', 'music', 'drama', 'comedy', 'action', 'war']",24,6.5,5528
ts17762,1989,24,"['animation', 'fantasy', 'drama', 'comedy', 'family']",6,6.6,5
ts19875,1986,30,['comedy'],8,7.2,6349
ts6722,1990,23,"['drama', 'comedy', 'family']",5,6.1,8676
ts28459,1987,43,"['drama', 'war']",1,7.7,561
ts24149,1990,54,"['drama', 'war', 'comedy', 'action', 'crime', 'european']",3,8.5,14634
ts2760,1987,10,"['comedy', 'animation', 'family', 'crime', 'european']",13,6.1,1875
ts22821,1986,8,"['animation', 'comedy', 'family', 'european']",6,7.4,6678
ts18877,1984,29,"['war', 'comedy', 'history']",9,8.4,25898
ts9142,1987,22,"['drama', 'romance']",35,3.4,7943
ts28558,1985,99,"['drama', 'war', 'history']",1,7.0,578
ts968,1990,22,"['animation', 'comedy', 'family', 'drama']",7,7.2,4666
ts7296,1985,24,['comedy'],5,6.7,3645
ts88912,1984,26,[],1,6.8,63
ts29459,1987,44,['documentation'],53,7.8,382
ts24463,1990,24,['scifi'],3,0.0,0
ts28758,1987,23,"['animation', 'comedy', 'family', 'fantasy']",1,6.8,462
ts672,1986,22,"['drama', 'thriller', 'crime']",1,8.7,278
ts19439,1989,24,['comedy'],6,7.8,991
ts28560,1985,24,"['action', 'scifi', 'animation']",1,8.3,193
ts23297,1989,28,"['comedy', 'drama']",1,7.0,81
ts1000,1986,29,"['scifi', 'fantasy']",1,7.2,82
ts22176,1997,44,"['scifi', 'action', 'drama']",10,8.4,90196
ts21223,1997,22,"['scifi', 'action', 'animation', 'comedy', 'fantasy', 'family']",25,7.4,224
ts20951,1999,19,"['comedy', 'scifi', 'animation', 'family', 'fantasy']",13,8.2,101891
ts22442,1995,23,"['comedy', 'romance']",5,8.0,16293
ts28055,1992,58,"['comedy', 'drama', 'romance', 'crime', 'family', 'documentation']",4,7.8,4742
ts21024,1996,44,"['drama', 'scifi', 'thriller', 'crime', 'comedy']",4,7.5,16237
ts30735,1993,46,"['drama', 'thriller', 'crime']",12,7.7,14733
ts21321,1992,32,"['reality', 'comedy', 'animation', 'documentation', 'drama']",33,6.3,28
ts9583,1998,44,"['drama', 'romance']",6,6.8,42388
ts20700,1992,23,"['comedy', 'romance']",10,6.7,24071
ts22121,1998,22,"['comedy', 'romance']",11,7.3,57164
ts10069,1999,24,"['animation', 'fantasy', 'horror', 'scifi', 'comedy', 'family']",1,7.3,734
ts29358,2000,24,"['animation', 'comedy', 'scifi', 'horror', 'thriller']",1,8.0,2261
ts11981,1998,44,"['drama', 'romance']",4,6.9,12189
ts9612,1997,44,"['drama', 'comedy', 'romance', 'fantasy', 'music']",5,6.9,34498
ts21034,2000,25,"['animation', 'action', 'comedy', 'drama', 'fantasy', 'romance', 'scifi']",9,7.9,16790
ts30927,1993,22,"['scifi', 'animation', 'comedy', 'fantasy', 'horror']",3,7.5,1402
ts37874,1994,44,"['western', 'drama']",4,7.3,895
ts6602,1997,29,"['comedy', 'romance']",5,6.4,30052
ts26133,1994,43,"['scifi', 'action', 'comedy', 'thriller', 'crime', 'fantasy']",1,5.5,2632
ts21558,2000,22,"['scifi', 'action', 'comedy', 'animation', 'family', 'fantasy']",5,7.4,20229
ts12767,1996,25,"['animation', 'comedy', 'family']",7,6.9,6187
ts3534,1995,23,"['comedy', 'family', 'animation']",3,5.6,873
ts25550,1994,20,"['comedy', 'drama']",4,5.8,1853
ts7221,1996,21,"['fantasy', 'animation', 'comedy', 'drama', 'family', 'music', 'scifi']",25,7.4,14717
ts21737,1997,45,"['drama', 'crime', 'romance', 'thriller']",8,7.7,9638
ts18498,1992,46,"['scifi', 'crime', 'drama', 'fantasy', 'horror']",3,7.6,2852
ts35810,2000,27,['documentation'],11,8.5,15
ts21704,1994,44,"['drama', 'crime']",4,7.9,2708
ts10993,1991,30,"['comedy', 'european']",3,8.3,13470
ts6190,1999,18,"['animation', 'family', 'comedy']",6,7.5,38710
ts15069,1998,50,"['documentation', 'crime', 'drama', 'history', 'thriller']",7,8.0,1216
ts22137,1998,34,['comedy'],4,8.2,8340
ts6589,1996,16,"['comedy', 'scifi', 'animation', 'family', 'fantasy']",4,7.9,47163
ts11119,1992,25,['family'],7,7.1,1665
ts13984,2000,26,"['action', 'family', 'animation', 'comedy', 'fantasy']",8,4.2,6941
ts11118,2000,23,"['animation', 'family', 'comedy', 'music']",3,5.3,171
ts14867,1995,82,['drama'],1,6.7,181
ts68960,1999,0,['drama'],1,7.2,119
ts22282,1999,36,"['drama', 'european']",2,8.2,7232
ts9770,1991,23,"['action', 'family', 'animation', 'comedy', 'scifi', 'crime', 'european']",7,8.3,18468
ts21705,1994,48,"['documentation', 'thriller', 'history', 'european']",21,8.5,1614
ts35314,1999,30,['comedy'],2,8.4,585
ts31816,1997,62,"['drama', 'comedy', 'romance']",1,7.7,836
ts35382,1997,85,"['action', 'drama', 'romance', 'european']",1,7.3,1142
ts25096,1998,45,"['drama', 'family']",2,7.6,368
ts25996,1994,24,"['drama', 'comedy', 'scifi', 'action', 'fantasy', 'romance', 'animation']",2,7.7,889
ts18424,1998,23,"['animation', 'comedy', 'drama', 'family', 'fantasy']",10,3.9,3394
ts31327,1997,19,"['family', 'fantasy', 'european']",15,3.8,8147
ts31058,1999,26,"['comedy', 'family', 'animation']",2,7.5,3096
ts18398,1992,36,['comedy'],8,7.9,576
ts27611,1996,21,['documentation'],8,6.0,26
ts7242,1993,26,"['scifi', 'comedy', 'animation', 'fantasy']",1,7.2,475
ts22130,1998,21,"['animation', 'comedy', 'family', 'fantasy', 'scifi']",6,6.3,3012
ts38808,2000,26,"['animation', 'fantasy']",2,7.5,99
ts27238,1996,26,"['animation', 'family']",2,6.7,186
ts8570,1992,29,"['comedy', 'family']",14,3.9,7883
ts6856,1999,25,"['scifi', 'animation', 'fantasy', 'drama', 'comedy', 'family']",3,6.3,4227
ts20375,1999,21,"['action', 'scifi', 'animation', 'comedy', 'drama', 'fantasy', 'thriller']",3,7.0,1458
ts17893,1992,8,"['comedy', 'family', 'fantasy', 'animation']",6,5.5,2946
ts39642,1994,92,"['war', 'drama', 'history']",1,6.6,547
ts67359,1995,89,['drama'],1,0.0,0
ts71025,1994,48,"['comedy', 'drama']",2,8.2,104
ts27730,1996,27,['family'],1,8.2,261
ts31733,1999,25,"['drama', 'animation', 'comedy', 'action', 'romance']",1,8.4,3804
ts44314,1998,10,"['animation', 'comedy']",2,7.9,365
ts39831,1991,24,"['animation', 'family', 'fantasy']",6,7.0,1746
ts5076,2000,47,"['action', 'family']",1,6.6,241
ts28352,2000,20,"['animation', 'comedy', 'family']",2,6.6,501
ts9008,1998,50,['drama'],2,7.0,156
ts27243,1996,25,"['animation', 'family', 'comedy']",4,7.1,470
ts31384,1997,33,['reality'],12,7.5,163
ts30640,1993,26,"['comedy', 'family', 'sport', 'animation']",5,6.9,190
ts36219,1997,22,"['documentation', 'family']",1,6.7,16
ts208323,1992,53,['documentation'],1,8.4,148
ts1470,2000,24,['documentation'],5,8.0,87
ts20552,2009,28,"['comedy', 'drama']",3,8.2,33536
ts22280,2004,44,['drama'],8,8.7,472899
ts21182,2006,44,"['drama', 'comedy', 'crime']",8,8.4,99923
ts11,2010,58,"['drama', 'romance', 'history', 'european']",6,8.7,210934
ts6457,2007,43,"['comedy', 'drama', 'action']",5,8.2,134647
ts20604,2006,43,"['drama', 'sport']",5,8.7,68182
ts20307,2002,43,"['crime', 'drama', 'comedy']",8,8.0,77443
ts11313,2006,24,"['animation', 'drama', 'fantasy', 'thriller', 'crime']",1,9.0,334730
ts22455,2004,44,"['action', 'drama', 'scifi']",5,8.1,68289
ts10891,2006,46,"['scifi', 'drama', 'comedy', 'romance']",5,7.9,55214
ts22295,2007,23,"['comedy', 'drama', 'romance', 'thriller']",7,9.2,6
ts20305,2002,23,"['action', 'scifi', 'comedy', 'animation', 'fantasy', 'thriller']",6,8.4,107461
ts35960,2004,23,"['animation', 'action', 'comedy', 'drama', 'romance']",1,6.8,1281
ts22265,2004,6,"['family', 'animation', 'comedy']",7,6.3,5556
ts8226,2010,28,['comedy'],4,7.1,1570
ts22486,2010,47,['reality'],13,7.2,5084
ts21197,2008,44,"['drama', 'fantasy', 'scifi', 'action', 'european']",5,7.9,83612
ts10913,2004,58,"['drama', 'comedy', 'crime']",5,8.5,47510
ts20588,2009,44,"['drama', 'scifi', 'action']",2,7.6,51430
ts21969,2001,22,"['scifi', 'comedy', 'drama', 'family', 'horror', 'animation', 'action']",2,8.4,21790
ts31938,2004,24,"['thriller', 'action', 'scifi', 'comedy', 'fantasy', 'horror', 'european']",1,8.5,19062
ts21776,2003,23,"['action', 'animation', 'comedy', 'family', 'fantasy', 'scifi', 'thriller']",5,7.9,34016
ts31200,2001,108,"['documentation', 'history', 'music', 'european']",1,8.6,2356
ts15638,2004,26,"['scifi', 'drama', 'romance', 'horror', 'comedy', 'action', 'animation', 'thriller']",2,7.9,34376
ts15877,2009,72,"['reality', 'sport', 'action', 'animation']",14,8.0,124
ts285824,2005,53,"['reality', 'documentation']",8,5.3,1836
ts68641,2005,46,"['documentation', 'reality']",6,7.2,104
ts26612,2005,29,"['drama', 'comedy', 'family', 'music', 'romance']",3,6.3,1000
ts31616,2004,47,"['documentation', 'drama', 'horror']",1,7.2,35
ts75800,2001,12,"['animation', 'comedy', 'family']",3,7.6,691
ts63639,2002,48,['documentation'],1,0.0,0
ts21623,2001,47,"['drama', 'comedy', 'european']",4,7.8,3685
ts30211,2010,30,"['family', 'drama']",1,7.6,325
ts13620,2001,22,"['comedy', 'romance']",8,6.5,36946
ts29527,2010,20,"['animation', 'family', 'european']",3,4.5,152
ts32186,2003,21,"['action', 'family', 'animation', 'comedy', 'fantasy', 'scifi', 'drama', 'thriller']",3,6.2,5003
ts22301,2007,46,"['scifi', 'drama', 'fantasy', 'crime']",3,7.6,5311
ts11540,2008,4,['comedy'],1,8.4,8987
ts30470,2010,22,"['comedy', 'horror']",1,7.3,1562
ts22318,2004,23,"['scifi', 'action', 'comedy', 'family', 'fantasy', 'animation', 'thriller', 'european']",8,6.2,6700
ts20867,2002,44,"['drama', 'thriller', 'crime']",3,7.4,2456
ts8639,2001,47,"['reality', 'thriller', 'action']",7,5.6,6928
ts7461,2009,44,"['reality', 'romance']",2,3.3,391
ts25510,2005,47,"['action', 'documentation', 'drama', 'history']",6,8.3,18
ts30508,2010,51,"['drama', 'thriller']",2,8.3,2506
ts22224,2001,44,"['drama', 'western', 'romance']",8,7.3,6252
ts33627,2007,48,"['drama', 'thriller']",1,6.9,1234
ts30378,2010,45,"['drama', 'comedy', 'history']",3,7.9,1430
ts82184,2002,1,"['comedy', 'family', 'animation', 'european']",1,7.6,3084
ts20553,2008,45,"['drama', 'crime', 'history', 'action', 'sport', 'comedy']",6,8.1,5000
ts33559,2007,7,"['comedy', 'animation', 'family', 'european']",6,8.1,42
ts21434,2010,55,"['drama', 'comedy']",5,8.5,8159
ts12699,2010,57,"['drama', 'action', 'thriller', 'scifi']",1,5.7,1427
ts15414,2010,25,"['comedy', 'drama', 'family', 'music', 'romance']",3,8.0,4847
ts24346,2009,59,"['documentation', 'history']",1,8.7,673
ts23575,2009,90,['documentation'],1,0.0,0
ts16487,2004,56,"['reality', 'documentation']",1,7.4,229
ts16264,2006,44,['documentation'],3,8.4,982
ts30266,2010,46,['reality'],1,7.4,32
ts21688,2009,64,"['comedy', 'drama', 'romance']",1,7.8,12768
ts26322,2008,30,"['animation', 'romance', 'comedy', 'drama']",2,8.0,16549
ts23955,2002,22,"['scifi', 'comedy', 'family', 'fantasy']",4,8.0,1405
ts23944,2002,23,"['scifi', 'animation', 'comedy']",4,6.5,83
ts35211,2008,45,"['action', 'comedy']",2,8.5,716
ts21615,2001,22,"['drama', 'action', 'family', 'scifi', 'animation', 'comedy', 'european']",6,7.1,11097
ts70909,2008,44,['reality'],1,5.1,54
ts20575,2006,45,"['drama', 'action', 'crime']",2,8.2,2164
ts18979,2009,44,"['romance', 'reality']",1,4.5,529
ts35004,2001,56,[],1,0.0,0
ts52849,2006,13,"['animation', 'comedy', 'family', 'fantasy', 'music', 'european']",5,6.4,1051
ts23620,2009,45,"['drama', 'crime', 'thriller', 'european']",4,7.8,13673
ts21533,2010,38,"['reality', 'action', 'european']",29,2.9,15
ts28522,2006,30,"['scifi', 'comedy']",2,6.7,2289
ts37799,2006,40,"['reality', 'european']",17,7.4,410
ts17018,2001,21,"['drama', 'animation', 'comedy', 'family', 'romance']",4,6.4,3399
ts16284,2008,46,"['drama', 'action', 'crime', 'family', 'documentation', 'comedy']",3,7.1,904
ts84399,2010,43,['comedy'],2,7.4,288
ts57359,2008,107,"['drama', 'war', 'european']",1,7.4,284
ts18257,2006,45,"['reality', 'romance']",3,4.6,2244
ts1096,2005,23,"['animation', 'scifi', 'romance', 'action', 'comedy', 'drama', 'family', 'fantasy']",2,7.1,548
ts34311,2007,24,"['action', 'drama', 'horror', 'scifi', 'thriller']",1,7.1,87
ts45581,2009,22,"['comedy', 'family']",2,5.3,385
ts20870,2002,44,"['drama', 'action', 'scifi']",2,7.0,4489
ts26678,2008,36,['drama'],3,8.2,417
ts21664,2001,20,['comedy'],5,7.1,2401
ts12965,2001,22,"['comedy', 'drama', 'family']",5,7.1,8072
ts22051,2007,51,"['drama', 'romance', 'comedy']",6,6.8,27198
ts23273,2002,58,"['drama', 'crime']",3,7.6,786
ts30466,2010,25,['reality'],2,4.4,35
ts20593,2006,24,"['comedy', 'action', 'romance', 'animation']",2,8.1,2236
ts21706,2006,25,"['drama', 'scifi', 'family', 'fantasy']",3,7.2,16221
ts6825,2010,26,"['drama', 'romance']",5,7.2,2520
ts21742,2003,24,"['animation', 'music', 'family', 'comedy']",2,5.1,420
ts30320,2010,46,['reality'],1,3.9,41
ts21210,2009,22,"['comedy', 'animation']",2,4.3,1102
ts27459,2008,45,"['action', 'drama']",1,7.0,1422
ts45318,2009,52,"['crime', 'european']",2,6.6,204
ts32321,2007,52,"['drama', 'crime']",2,6.8,378
ts20535,2009,18,"['animation', 'comedy', 'family', 'european']",5,5.4,2791
ts1401,2003,11,"['animation', 'comedy']",1,7.6,843
ts26320,2008,41,['reality'],3,6.3,84
ts21196,2006,23,"['scifi', 'family', 'horror', 'animation', 'comedy']",2,7.7,1208
ts55642,2010,47,"['documentation', 'history', 'european']",1,7.6,340
ts21994,2007,29,"['action', 'romance', 'horror', 'scifi', 'thriller', 'comedy', 'crime', 'family']",7,6.2,1273
ts24531,2002,24,"['drama', 'comedy', 'romance', 'animation', 'family', 'fantasy']",2,8.1,1073
ts8805,2009,21,"['animation', 'family']",7,6.5,1350
ts30401,2010,21,['reality'],1,5.5,26
ts19187,2008,9,"['animation', 'comedy', 'family']",4,8.2,64
ts43866,2009,53,"['documentation', 'crime', 'comedy', 'drama', 'horror']",1,7.4,28
ts28500,2006,13,"['comedy', 'animation', 'scifi', 'romance', 'action', 'family']",5,6.7,4566
ts1763,2010,59,"['reality', 'documentation']",1,8.8,521
ts35948,2003,39,"['reality', 'documentation', 'european']",22,8.2,3316
ts4091,2002,25,"['comedy', 'family', 'scifi', 'animation']",12,6.9,2696
ts21183,2008,27,"['animation', 'family', 'comedy']",4,5.4,731
ts22233,2010,25,"['comedy', 'family']",3,8.0,88
ts6618,2009,27,['comedy'],4,4.8,49
ts21445,2005,26,"['comedy', 'family', 'scifi', 'animation']",2,4.8,210
ts26428,2008,24,"['scifi', 'action', 'fantasy', 'animation']",5,6.9,1785
ts31759,2001,25,['family'],3,6.1,1074
ts12930,2009,22,"['animation', 'family', 'fantasy', 'thriller', 'action']",5,6.4,1963
ts52141,2010,46,['reality'],1,7.6,21
ts32764,2007,29,"['animation', 'family']",3,6.7,459
ts17022,2007,24,"['animation', 'family']",2,6.4,154
ts13841,2005,46,"['comedy', 'family', 'reality', 'european']",6,5.0,4101
ts25762,2008,59,"['comedy', 'drama', 'scifi', 'crime']",1,7.1,233
ts250942,2010,12,[],1,0.0,0
ts79596,2003,73,[],1,0.0,0
ts78263,2004,73,"['drama', 'thriller', 'romance']",1,7.0,652
ts70119,2008,46,"['documentation', 'crime']",5,7.9,68
ts22345,2007,20,"['animation', 'scifi', 'action', 'comedy', 'family']",9,7.1,1312
ts34907,2003,24,"['comedy', 'animation', 'family', 'fantasy']",5,6.9,685
ts22217,2010,25,"['animation', 'family', 'comedy']",7,4.3,1828
ts56589,2010,11,"['animation', 'comedy', 'family']",6,5.3,165
ts5454,2005,24,"['animation', 'family']",4,6.3,394
ts43315,2004,15,"['animation', 'family']",2,7.5,74
ts20470,2008,22,"['action', 'comedy', 'scifi', 'fantasy', 'thriller', 'family', 'animation']",3,6.1,3554
ts15754,2004,45,"['drama', 'thriller', 'crime', 'history']",5,8.0,82
ts44876,2010,55,['documentation'],1,8.2,46
ts23319,2009,14,"['animation', 'comedy', 'family', 'fantasy', 'european']",3,6.8,1176
ts29084,2006,56,['drama'],2,0.0,0
ts20565,2008,25,"['comedy', 'drama', 'family']",3,5.9,3295
ts31593,2003,10,"['family', 'animation', 'action', 'scifi', 'comedy', 'fantasy']",7,6.4,104
ts30146,2010,62,"['comedy', 'romance']",1,7.1,3764
ts11630,2003,27,"['animation', 'family', 'comedy']",2,6.6,344
ts13494,2009,29,['documentation'],1,7.2,23
ts29171,2006,22,"['animation', 'comedy', 'family']",3,5.8,408
ts23689,2009,59,['documentation'],1,8.0,81
ts16544,2009,25,['family'],4,7.6,103
ts52515,2003,25,"['thriller', 'animation', 'horror']",1,7.1,270
ts1740,2001,15,"['action', 'animation', 'family', 'european']",3,5.6,484
ts63476,2008,28,['reality'],14,5.8,66
ts2943,2006,29,"['animation', 'family']",1,5.7,60
ts26043,2008,25,"['animation', 'drama', 'comedy', 'romance']",1,7.3,1666
ts13113,2009,15,"['family', 'european']",4,8.0,64
ts20508,2009,22,"['reality', 'comedy']",7,7.6,2819
ts26038,2008,13,"['animation', 'family']",3,6.8,105
ts23357,2009,53,"['documentation', 'reality']",2,6.8,41
ts21497,2010,43,['documentation'],1,6.8,32
ts37737,2001,24,"['scifi', 'action', 'animation', 'comedy', 'family']",3,6.7,2383
ts52082,2004,90,"['reality', 'music']",1,6.4,5
ts47142,2003,23,"['action', 'scifi', 'animation', 'comedy', 'fantasy']",1,6.9,1728
ts42557,2005,23,"['comedy', 'drama', 'romance', 'animation']",3,7.8,1300
ts76526,2009,22,"['animation', 'family', 'sport']",7,7.4,374
ts28813,2006,47,"['drama', 'comedy']",2,8.0,1074
ts25707,2008,44,['drama'],1,0.0,0
ts34890,2006,23,"['scifi', 'animation', 'family', 'fantasy']",1,7.3,852
ts68313,2007,19,"['family', 'european']",4,6.8,25
ts11110,2006,24,"['scifi', 'animation', 'action']",2,7.3,172
ts24545,2002,22,['reality'],12,6.1,134
ts44797,2010,7,['animation'],4,8.5,7
ts10058,2010,22,"['action', 'animation', 'family', 'documentation']",1,6.0,47
ts32309,2007,22,"['family', 'animation', 'scifi']",1,7.5,105
ts26203,2008,23,"['animation', 'comedy']",1,0.0,0
ts75255,2010,11,"['family', 'animation']",4,7.1,59
ts44381,2010,40,"['drama', 'comedy', 'romance']",3,5.3,367
ts41545,2008,45,[],1,0.0,0
ts32636,2003,10,"['animation', 'family', 'european']",4,6.7,257
ts246865,2001,29,"['comedy', 'family']",1,7.3,15
ts328378,2003,10,[],2,0.0,0
ts68436,2007,16,"['animation', 'comedy', 'family']",2,7.2,86
ts152168,2010,25,"['family', 'action', 'animation']",3,8.8,17
ts43355,2009,13,"['animation', 'comedy', 'family', 'european']",1,8.5,56
ts38969,2005,24,"['animation', 'comedy']",2,8.2,39
ts17364,2006,22,"['scifi', 'family', 'fantasy', 'animation']",3,6.5,626
ts14891,2009,25,['drama'],1,6.8,36
ts31569,2003,22,['documentation'],3,8.3,18
ts74519,2008,52,['documentation'],1,0.0,0
ts28902,2006,48,['documentation'],3,7.7,126
ts10441,2006,11,"['animation', 'fantasy']",3,5.0,111
ts56271,2004,24,['documentation'],1,0.0,0
ts33704,2007,59,"['documentation', 'reality']",1,8.5,81
ts75595,2005,16,['comedy'],1,0.0,0
ts25829,2008,47,['documentation'],3,8.6,55
ts9374,2009,45,"['documentation', 'war']",1,8.4,29
ts45140,2010,27,"['reality', 'family', 'animation']",5,7.9,27
ts74184,2003,25,"['comedy', 'fantasy', 'animation']",1,6.6,142
ts39192,2010,13,['animation'],1,7.5,14
ts29519,2010,22,['reality'],5,0.0,0
ts176695,2009,49,['documentation'],2,7.4,14
ts187948,2001,46,[],1,7.4,21
ts147420,2006,28,[],3,0.0,0
ts155102,2006,55,"['documentation', 'history']",1,7.7,7
ts98222,2006,26,[],1,0.0,0
ts297213,2009,44,['documentation'],1,7.2,61
ts182912,2005,27,"['documentation', 'history']",1,7.8,12
ts127021,2008,11,['documentation'],2,0.0,0
ts154268,2007,27,"['animation', 'family']",1,2.8,7
ts98392,2005,79,['history'],1,8.0,12
ts22277,2011,44,"['drama', 'comedy']",9,8.5,418693
ts5746,2011,45,"['scifi', 'drama', 'thriller', 'crime', 'horror']",11,8.0,304893
ts20518,2011,42,"['scifi', 'drama', 'action', 'fantasy', 'romance', 'thriller', 'comedy']",6,7.7,153629
ts20606,2011,47,"['scifi', 'reality', 'crime', 'drama', 'fantasy', 'horror']",6,7.9,122792
ts20672,2011,22,['comedy'],7,8.1,53384
ts32835,2011,23,"['action', 'drama', 'animation', 'comedy', 'fantasy']",1,9.0,106715
ts14643,2012,41,"['reality', 'romance']",9,7.1,8582
ts2405,2012,19,"['animation', 'family', 'fantasy', 'comedy', 'music']",6,7.5,1272
ts21503,2012,22,['comedy'],6,7.5,33349
ts27862,2012,43,"['reality', 'scifi', 'thriller']",1,5.9,212
ts2767,2012,48,"['drama', 'action', 'crime', 'thriller']",1,7.0,5701
ts27936,2012,21,['comedy'],8,2.8,16
ts34845,2012,61,"['drama', 'european']",2,7.7,12033
ts20433,2012,24,"['animation', 'action', 'thriller', 'comedy', 'drama', 'fantasy', 'horror']",5,8.5,26839
ts20388,2012,27,"['scifi', 'action', 'animation', 'war', 'western', 'crime', 'thriller']",4,8.2,18061
ts10673,2011,44,"['drama', 'scifi', 'fantasy', 'horror']",4,7.5,26055
ts34294,2011,44,"['comedy', 'drama', 'european']",7,7.4,953
ts20389,2012,45,"['action', 'scifi', 'drama']",1,6.5,4700
ts20458,2012,18,"['action', 'comedy', 'family', 'fantasy', 'scifi', 'animation', 'european']",16,7.4,5649
ts10427,2012,46,['drama'],3,6.8,1107
ts11961,2011,40,"['drama', 'comedy', 'reality', 'european']",4,7.8,18481
ts7293,2011,47,['documentation'],30,8.1,457
ts32847,2011,23,['sport'],1,6.6,24
ts33741,2011,22,['comedy'],2,7.6,1405
ts27880,2012,31,"['comedy', 'european']",3,7.5,2578
ts26916,2012,34,['documentation'],1,7.2,172
ts20437,2012,52,"['drama', 'crime']",2,7.6,12915
ts11600,2011,59,"['scifi', 'drama', 'horror', 'fantasy', 'european']",1,7.6,6776
ts42942,2011,47,"['documentation', 'history', 'war', 'european']",2,7.1,82
ts18215,2011,23,"['documentation', 'crime']",4,7.5,79
ts165461,2012,40,['comedy'],1,6.6,22
ts21938,2011,26,"['animation', 'comedy', 'family']",6,7.7,1816
ts22316,2012,44,"['drama', 'thriller', 'european']",1,7.5,2632
ts1086,2011,51,['documentation'],10,8.6,625
ts39111,2012,24,"['scifi', 'horror', 'thriller', 'drama', 'family', 'fantasy']",1,6.5,274
ts26927,2012,44,"['action', 'scifi', 'comedy', 'reality', 'fantasy', 'european']",2,8.2,31
ts32443,2011,46,"['war', 'documentation', 'history']",3,7.5,189
ts20608,2011,42,['reality'],10,4.4,213
ts21102,2012,24,['documentation'],4,7.5,838
ts26792,2012,55,"['crime', 'drama', 'european']",1,7.2,2666
ts20444,2012,53,['documentation'],3,8.5,265
ts20621,2011,56,['comedy'],19,6.1,1247
ts33546,2011,19,"['animation', 'comedy', 'family', 'thriller']",4,4.2,509
ts10585,2012,23,"['action', 'comedy', 'animation']",1,6.4,408
ts19623,2011,24,"['animation', 'family', 'comedy', 'fantasy', 'music']",6,6.3,1714
ts33135,2011,2,"['animation', 'comedy', 'family']",12,6.8,81
ts35428,2012,58,"['drama', 'horror', 'european']",1,6.8,3244
ts28059,2012,41,"['reality', 'family']",11,5.6,875
ts7273,2012,22,"['animation', 'family', 'fantasy', 'music']",6,6.6,2551
ts53581,2011,26,"['family', 'fantasy', 'animation']",5,6.5,309
ts33254,2011,47,"['drama', 'crime', 'thriller']",1,7.3,1972
ts173081,2011,80,['documentation'],1,8.3,73
ts21308,2011,42,"['reality', 'comedy', 'crime']",6,7.7,35
ts15620,2012,29,"['comedy', 'history']",1,6.7,662
ts26905,2012,46,"['drama', 'comedy', 'romance']",1,7.9,2245
ts26966,2012,49,"['documentation', 'drama', 'horror']",2,7.9,1238
ts62451,2012,11,"['animation', 'family']",3,4.9,29
ts27022,2012,22,"['animation', 'comedy', 'crime']",3,6.9,1374
ts28119,2012,21,"['reality', 'documentation']",4,7.1,163
ts12236,2011,44,['reality'],2,6.3,505
ts236991,2011,45,[],1,0.0,0
ts27921,2012,42,"['action', 'documentation', 'comedy', 'reality']",2,7.5,154
ts8985,2011,45,"['drama', 'history', 'romance']",1,8.4,1824
ts34081,2011,17,"['action', 'animation', 'family']",4,4.9,218
ts36491,2011,59,"['reality', 'documentation', 'european']",3,7.4,253
ts38289,2011,58,['documentation'],1,8.5,540
ts191698,2011,6,"['music', 'animation', 'family']",4,6.4,108
ts65904,2012,47,"['reality', 'documentation']",1,7.3,438
ts33349,2011,14,"['animation', 'comedy', 'family', 'fantasy']",4,6.0,134
ts52175,2012,12,"['animation', 'crime', 'family']",3,8.1,91
ts79869,2012,11,"['animation', 'family', 'european']",3,7.0,69
ts81858,2011,2,"['comedy', 'family', 'animation', 'thriller', 'drama', 'horror']",5,7.1,696
ts33810,2011,21,"['animation', 'action', 'scifi']",2,5.4,275
ts66292,2011,12,"['action', 'family', 'animation', 'comedy', 'european']",2,6.9,53
ts6408,2011,23,"['comedy', 'drama', 'animation']",2,4.3,790
ts41890,2012,23,"['action', 'scifi', 'animation']",2,6.6,268
ts7652,2011,22,"['action', 'scifi', 'drama', 'family', 'romance', 'animation', 'comedy', 'thriller']",4,8.0,449
ts5947,2011,48,"['romance', 'drama']",1,7.1,121
ts44759,2011,12,"['animation', 'family', 'fantasy', 'comedy']",2,6.9,117
ts84225,2012,1,"['animation', 'comedy', 'family']",1,7.5,129
ts10230,2012,32,['comedy'],1,6.4,629
ts169389,2011,23,"['family', 'fantasy', 'scifi', 'animation', 'action']",1,6.7,24
ts33989,2011,21,['reality'],4,6.2,48
ts156783,2012,33,"['animation', 'family']",1,5.9,43
ts271828,2012,50,['documentation'],1,0.0,0
ts4032,2011,11,"['family', 'animation']",1,1.4,281
ts165478,2012,59,['documentation'],1,8.1,43
ts170798,2011,12,['animation'],1,6.3,36
ts141702,2012,9,['animation'],3,5.8,34
ts225449,2012,50,[],1,0.0,0
ts151452,2012,43,['drama'],2,0.0,0
ts98217,2011,24,[],1,0.0,0
ts163385,2012,22,"['reality', 'history']",1,7.4,21
ts22413,2013,45,"['war', 'action', 'drama', 'history', 'romance', 'european']",6,8.5,544091
ts196,2014,56,"['drama', 'action']",4,8.2,107013
ts190,2013,90,"['drama', 'thriller', 'crime', 'european']",9,8.6,27746
ts20106,2013,19,"['animation', 'action', 'sport', 'scifi', 'comedy', 'family']",9,6.9,26
ts20040,2013,53,"['drama', 'crime']",7,8.3,88842
ts6001,2013,61,"['drama', 'crime', 'thriller']",3,8.1,108922
ts11846,2013,52,"['crime', 'comedy', 'drama', 'european']",11,7.5,1767
ts4647,2014,59,"['drama', 'romance']",5,7.9,46816
ts20311,2014,52,"['crime', 'drama', 'thriller', 'european', 'family']",7,7.9,15056
ts22418,2013,52,"['action', 'scifi', 'thriller', 'drama', 'european']",2,8.4,47948
ts20765,2013,60,"['drama', 'war', 'history', 'romance', 'european']",1,7.7,29043
ts21386,2014,47,['reality'],6,7.3,1328
ts16101,2013,54,"['drama', 'romance', 'fantasy', 'history']",3,7.9,77541
ts34566,2013,92,"['drama', 'history', 'war', 'action', 'european']",1,8.4,30670
ts20817,2013,51,"['drama', 'thriller', 'action', 'crime']",4,6.8,2950
ts11794,2013,19,"['animation', 'fantasy', 'scifi', 'comedy', 'family']",3,6.4,688
ts20268,2013,44,"['drama', 'thriller', 'scifi', 'action', 'crime', 'fantasy', 'horror']",4,7.3,62018
ts20072,2014,44,"['drama', 'thriller', 'crime']",2,7.4,5405
ts75233,2014,24,"['crime', 'family', 'comedy', 'scifi', 'action']",4,7.2,1228
ts19365,2013,45,"['drama', 'romance']",3,6.9,2466
ts13388,2013,58,['documentation'],1,0.0,0
ts20895,2014,42,"['thriller', 'war', 'comedy', 'crime']",2,6.8,9747
ts20025,2014,46,"['thriller', 'drama', 'crime', 'european']",1,7.1,1680
ts20115,2014,54,"['drama', 'crime']",2,7.5,11685
ts21378,2013,44,['reality'],5,6.0,655
ts20362,2014,58,"['drama', 'crime', 'european']",2,8.2,27929
ts22511,2014,46,"['crime', 'thriller', 'drama']",2,7.2,3353
ts36067,2014,26,"['comedy', 'drama', 'sport']",3,7.9,12114
ts123577,2014,20,['family'],3,6.6,513
ts20914,2014,56,"['drama', 'action', 'european']",3,7.8,22802
ts79302,2014,57,"['reality', 'european']",3,8.1,342
ts20723,2013,45,"['drama', 'romance', 'war', 'action', 'european']",1,6.8,2333
ts34377,2013,59,['drama'],2,7.7,2449
ts16925,2013,25,['reality'],5,7.9,231
ts20354,2014,28,"['comedy', 'drama', 'music']",4,8.1,25184
ts10364,2013,43,"['drama', 'comedy']",4,7.8,23488
ts40464,2013,45,['documentation'],1,7.0,48
ts38135,2014,22,"['action', 'comedy', 'family', 'scifi', 'animation']",7,5.7,948
ts56918,2014,42,['documentation'],4,8.3,350
ts20060,2014,29,"['drama', 'comedy']",5,7.8,22946
ts11084,2013,28,"['war', 'comedy', 'european']",3,7.9,2318
ts20178,2013,43,"['scifi', 'comedy', 'drama', 'romance', 'fantasy']",1,7.2,65
ts44132,2014,46,"['thriller', 'documentation', 'history']",1,7.1,51
ts3467,2013,27,"['drama', 'comedy']",2,7.5,4695
ts18921,2014,61,"['war', 'action', 'drama', 'history', 'romance']",1,7.9,1441
ts53450,2014,22,['reality'],1,5.9,107
ts56266,2014,12,"['animation', 'family', 'scifi']",12,6.0,354
ts89386,2013,50,"['documentation', 'animation']",1,7.9,21
ts57744,2014,14,['animation'],9,0.0,0
ts20269,2014,28,"['drama', 'comedy', 'sport']",4,7.1,2475
ts37749,2014,46,"['thriller', 'drama', 'european']",1,6.5,1030
ts35055,2013,43,['documentation'],5,7.3,30
ts5809,2014,22,['comedy'],2,7.2,1062
ts35282,2013,23,"['drama', 'family', 'romance']",8,6.1,2094
ts44211,2013,91,"['comedy', 'crime', 'drama']",10,7.0,335
ts34338,2013,56,"['documentation', 'scifi', 'drama', 'history']",1,8.1,766
ts80811,2014,57,"['reality', 'documentation', 'european']",4,7.3,492
ts20139,2013,76,"['comedy', 'drama', 'romance']",1,7.8,1475
ts56421,2014,46,"['drama', 'war', 'history']",3,8.0,1541
ts36012,2014,58,"['romance', 'drama']",1,6.3,78
ts156825,2014,44,['drama'],2,8.6,44
ts154401,2014,24,['reality'],2,7.5,24
ts20271,2014,41,"['reality', 'drama']",6,5.4,414
ts35386,2014,25,"['action', 'drama', 'animation', 'family', 'fantasy']",1,7.0,869
ts11963,2014,14,"['comedy', 'family', 'animation']",3,6.8,10242
ts41737,2013,23,"['animation', 'family', 'fantasy']",4,8.7,518
ts43048,2013,24,['reality'],6,5.7,120
ts3155,2013,26,['comedy'],1,6.9,2929
ts21389,2013,46,"['action', 'documentation', 'crime', 'drama']",1,6.5,1597
ts35177,2014,19,"['animation', 'family', 'scifi', 'music']",2,7.5,85
ts35677,2013,19,"['animation', 'family']",2,7.9,386
ts35897,2014,61,"['comedy', 'romance']",1,7.3,549
ts35648,2014,23,"['scifi', 'action', 'family']",4,6.3,390
ts44098,2014,22,"['action', 'scifi', 'comedy', 'fantasy', 'animation']",3,7.0,6
ts43880,2014,21,"['music', 'animation', 'family', 'comedy', 'fantasy', 'romance', 'action']",4,7.4,508
ts53534,2013,48,"['drama', 'action']",2,5.8,191
ts35628,2014,24,"['comedy', 'documentation', 'reality']",4,8.5,22
ts62171,2013,39,[],1,5.8,18
ts42500,2013,47,"['comedy', 'drama', 'romance']",2,7.4,1290
ts44135,2014,49,['documentation'],13,8.8,372
ts55185,2013,23,"['animation', 'family', 'scifi']",3,5.5,282
ts53465,2013,61,"['documentation', 'reality', 'history']",1,8.5,371
ts84145,2014,89,"['comedy', 'horror']",1,7.8,299
ts44009,2014,27,"['comedy', 'family']",1,5.7,8
ts43939,2014,29,['documentation'],1,6.7,11
ts20277,2014,51,"['drama', 'comedy']",1,6.6,331
ts56116,2014,45,"['scifi', 'fantasy']",2,7.7,15
ts57334,2014,24,"['animation', 'action', 'scifi']",6,6.9,64
ts32073,2013,47,"['comedy', 'romance']",1,7.1,1757
ts40814,2013,35,"['scifi', 'family', 'fantasy', 'animation', 'action', 'comedy', 'european']",1,6.7,1081
ts66267,2013,30,"['action', 'animation', 'scifi']",1,6.7,94
ts155189,2013,43,"['drama', 'war']",1,7.4,136
ts43906,2014,60,"['documentation', 'history']",1,8.2,524
ts40964,2013,24,"['animation', 'european']",1,6.7,33
ts70147,2013,23,"['comedy', 'scifi', 'animation']",2,2.6,179
ts79904,2014,57,"['reality', 'documentation', 'history']",1,8.6,344
ts35076,2013,44,['reality'],2,6.2,109
ts79400,2014,25,"['documentation', 'family', 'war']",1,0.0,0
ts56167,2013,4,['comedy'],2,7.6,62
ts254941,2013,54,['documentation'],1,0.0,0
ts317337,2013,55,['documentation'],1,0.0,0
ts139159,2014,49,['comedy'],2,6.7,158
ts76192,2014,21,"['documentation', 'family']",4,8.0,24
ts34553,2013,59,['documentation'],1,8.2,156
ts166226,2013,21,"['comedy', 'reality', 'drama']",1,6.3,21
ts35108,2013,59,['documentation'],2,0.0,0
ts151280,2013,21,['sport'],4,9.3,31
ts155814,2014,13,['animation'],3,8.3,12
ts187631,2013,4,"['animation', 'family']",3,0.0,0
ts159533,2013,22,"['animation', 'action', 'fantasy']",1,7.6,14
ts161307,2013,3,['sport'],1,0.0,0
ts127681,2013,3,"['animation', 'family']",1,8.6,14
ts150698,2013,25,[],2,8.6,39
ts95742,2014,5,['animation'],1,0.0,0
ts136671,2014,23,[],4,0.0,0
ts123942,2013,13,['animation'],2,8.0,10
ts166066,2013,32,['reality'],2,9.0,42
ts95763,2013,1,"['music', 'animation', 'family']",3,3.6,5
ts161392,2013,25,[],7,6.3,8
ts41945,2016,60,"['crime', 'thriller', 'drama', 'european']",1,8.0,93422
ts35476,2015,49,"['crime', 'drama', 'thriller']",4,8.5,394017
ts37018,2015,42,"['scifi', 'drama', 'thriller']",6,8.5,157981
ts42047,2016,25,"['drama', 'comedy', 'european']",2,8.7,166543
ts36962,2016,57,['drama'],6,8.4,96325
ts38125,2016,28,['drama'],3,7.0,11097
ts36929,2015,45,"['thriller', 'drama', 'crime', 'european']",4,8.3,24514
ts41490,2016,42,"['action', 'thriller', 'crime', 'drama']",3,7.6,8021
ts21882,2015,55,"['scifi', 'drama', 'thriller']",4,8.0,96965
ts36147,2016,47,"['scifi', 'crime', 'drama', 'fantasy']",6,8.1,331313
ts41985,2016,46,"['drama', 'crime']",6,8.2,40189
ts52840,2016,47,"['scifi', 'action', 'drama']",2,7.4,14872
ts14841,2015,46,"['drama', 'crime']",7,8.5,74349
ts35461,2015,46,"['drama', 'horror', 'european']",1,7.0,4949
ts17296,2015,25,"['comedy', 'european']",4,8.2,20622
ts36885,2015,30,"['scifi', 'action', 'comedy', 'horror', 'fantasy', 'thriller']",3,8.4,70087
ts37927,2016,44,"['scifi', 'fantasy', 'horror', 'drama']",4,7.9,76788
ts21594,2015,58,"['drama', 'romance', 'history', 'european']",5,8.3,33057
ts35222,2015,25,"['documentation', 'comedy']",11,8.2,2982
ts38730,2016,46,"['drama', 'comedy', 'romance', 'european']",4,8.2,12129
ts36550,2016,42,"['drama', 'action', 'scifi']",7,6.8,101178
ts37909,2015,49,"['drama', 'thriller', 'crime']",3,8.1,37896
ts35575,2015,47,"['thriller', 'scifi', 'drama', 'european']",3,7.9,40652
ts41934,2016,52,"['drama', 'history', 'european']",3,8.2,28502
ts41266,2016,52,"['crime', 'drama']",4,8.1,50315
ts38665,2016,28,"['drama', 'comedy', 'romance']",5,7.0,10658
ts38145,2015,46,"['drama', 'thriller', 'comedy']",2,8.2,15829
ts39038,2016,68,"['comedy', 'sport', 'reality', 'european']",5,8.7,77392
ts76483,2016,21,"['documentation', 'comedy', 'crime', 'horror']",8,8.8,1743
ts36742,2015,55,"['reality', 'horror']",9,6.8,48
ts37685,2015,25,"['thriller', 'drama', 'romance']",1,6.9,708
ts53024,2016,11,"['scifi', 'action', 'family', 'fantasy', 'animation']",1,7.5,2250
ts53085,2016,51,"['drama', 'crime']",2,6.6,1098
ts42002,2016,26,"['comedy', 'scifi', 'action']",2,7.4,18847
ts37731,2015,55,['documentation'],1,8.5,551
ts35399,2015,60,['drama'],1,7.8,10951
ts40516,2016,67,"['crime', 'drama', 'thriller']",5,7.8,1863
ts53035,2016,33,"['crime', 'drama']",1,6.8,3764
ts37862,2015,44,"['drama', 'crime']",2,6.3,589
ts81635,2016,24,"['horror', 'reality', 'comedy']",7,8.7,1605
ts38472,2016,42,"['scifi', 'action', 'drama', 'fantasy']",1,5.7,3461
ts42257,2016,71,"['scifi', 'thriller', 'crime', 'drama', 'fantasy']",2,8.5,7677
ts38815,2016,30,"['action', 'comedy', 'drama']",1,7.5,9543
ts62471,2016,44,['documentation'],1,6.6,18
ts36092,2015,10,"['comedy', 'romance', 'drama', 'european']",5,7.2,240
ts21900,2015,55,"['comedy', 'drama', 'crime']",1,7.5,8619
ts41922,2016,27,"['drama', 'comedy']",2,7.5,4194
ts38793,2016,60,"['scifi', 'fantasy', 'horror', 'romance', 'comedy']",1,7.6,2805
ts78328,2015,49,"['drama', 'thriller']",1,7.0,71
ts39160,2015,20,"['reality', 'comedy']",3,7.3,195
ts43051,2015,51,['drama'],1,8.1,6022
ts42029,2016,24,['comedy'],1,6.6,6666
ts21871,2015,43,"['drama', 'comedy']",4,7.4,13520
ts38814,2016,26,"['comedy', 'romance']",1,6.3,4625
ts129381,2016,8,"['romance', 'drama']",1,7.3,150
ts38740,2016,30,['documentation'],1,6.6,428
ts37660,2015,71,"['comedy', 'drama', 'family', 'romance']",1,9.2,8310
ts38712,2016,22,"['scifi', 'action', 'animation', 'drama', 'fantasy', 'horror']",2,7.2,5838
ts38161,2015,28,"['scifi', 'drama', 'family', 'fantasy', 'comedy']",3,8.3,2770
ts36225,2015,22,"['animation', 'comedy']",3,7.6,1293
ts42097,2016,44,['drama'],2,7.3,4905
ts99878,2016,50,['documentation'],1,7.9,94
ts14746,2016,27,['documentation'],6,7.6,103
ts41283,2015,44,[],5,7.8,760
ts76430,2015,46,"['drama', 'thriller']",1,8.0,321
ts82351,2016,22,['drama'],1,8.0,747
ts103173,2015,2,['animation'],8,7.8,29
ts42202,2016,8,"['animation', 'comedy']",4,7.4,83
ts53213,2015,6,['comedy'],4,0.0,0
ts41322,2016,22,"['comedy', 'family']",1,7.0,169
ts78871,2016,59,"['documentation', 'history', 'european']",1,7.8,274
ts38339,2015,30,"['drama', 'history']",1,7.0,4432
ts79160,2015,21,['comedy'],2,4.3,194
ts38788,2016,22,"['animation', 'drama', 'sport']",1,5.5,113
ts11336,2015,48,"['drama', 'documentation', 'european']",1,7.4,982
ts43396,2015,20,"['animation', 'family', 'fantasy']",4,5.1,525
ts41261,2016,22,"['drama', 'animation', 'romance']",1,7.4,467
ts82197,2015,6,"['documentation', 'comedy', 'family']",1,5.3,8
ts66587,2016,23,"['animation', 'action', 'comedy', 'family', 'fantasy']",3,5.5,259
ts43171,2015,24,"['action', 'animation', 'comedy', 'crime']",1,7.7,578
ts55062,2015,20,['drama'],3,6.8,280
ts85230,2015,44,"['war', 'documentation', 'history']",1,6.9,123
ts235017,2015,22,['family'],1,7.8,6
ts52947,2016,15,"['animation', 'family', 'european']",4,7.6,26
ts80487,2016,43,"['comedy', 'reality']",11,8.0,404
ts38810,2016,46,"['documentation', 'reality', 'sport', 'drama']",5,7.7,833
ts127339,2016,44,"['drama', 'history', 'documentation']",1,7.5,95
ts35223,2015,22,"['action', 'animation', 'family', 'scifi', 'european']",3,6.8,1710
ts36049,2015,56,"['comedy', 'drama', 'fantasy', 'romance']",1,8.0,4674
ts38817,2016,49,"['action', 'scifi', 'drama', 'fantasy']",2,6.4,3429
ts43485,2015,24,"['animation', 'comedy']",2,7.1,1633
ts56124,2016,47,['family'],3,7.6,0
ts37742,2015,15,"['drama', 'comedy']",1,7.3,2158
ts53579,2016,32,"['scifi', 'action', 'horror', 'thriller', 'drama']",2,7.6,380
ts55121,2016,25,"['family', 'sport', 'comedy']",1,6.8,747
ts41958,2016,57,"['drama', 'history', 'romance', 'european']",1,7.0,2294
ts37868,2015,43,"['drama', 'thriller', 'crime', 'romance']",1,7.3,689
ts35966,2015,23,"['scifi', 'fantasy', 'animation', 'family', 'european']",2,7.6,569
ts95830,2016,11,"['animation', 'family']",2,7.8,30
ts55428,2015,26,"['family', 'war', 'animation', 'drama', 'european']",1,8.9,469
ts36149,2015,54,"['documentation', 'history']",1,7.7,134
ts38152,2015,18,"['comedy', 'drama']",1,7.9,6548
ts223893,2016,51,"['war', 'documentation']",1,6.9,40
ts42340,2016,43,['reality'],2,6.0,89
ts35540,2015,68,"['drama', 'western', 'war', 'history']",1,8.7,19
ts41981,2016,22,"['animation', 'family']",5,7.5,324
ts37743,2015,27,"['comedy', 'european']",1,7.2,708
ts43534,2015,51,"['documentation', 'war', 'history']",1,5.6,40
ts81093,2015,17,['horror'],1,5.6,375
ts119087,2015,3,"['animation', 'family']",5,6.1,114
ts137551,2016,15,"['animation', 'family', 'scifi']",2,6.2,143
ts42337,2016,49,"['comedy', 'drama', 'romance']",1,7.1,859
ts45492,2015,41,['reality'],8,4.8,194
ts70521,2015,19,"['action', 'comedy', 'family', 'animation']",10,7.3,381
ts94400,2015,4,"['animation', 'family']",2,7.8,39
ts95803,2015,13,"['animation', 'family']",3,5.5,35
ts38754,2016,20,['comedy'],2,5.6,591
ts39070,2015,23,"['animation', 'comedy', 'family', 'fantasy']",2,5.4,139
ts89279,2016,59,"['documentation', 'history']",1,7.7,203
ts89826,2015,22,"['action', 'animation', 'comedy']",1,8.4,79
ts309603,2016,9,"['animation', 'comedy', 'family', 'european']",1,6.2,306
ts237616,2015,24,['documentation'],1,0.0,0
ts55123,2015,22,"['scifi', 'animation', 'family', 'fantasy']",3,4.9,151
ts137676,2015,17,['drama'],2,7.3,35
ts47704,2016,27,"['reality', 'documentation']",1,7.8,212
ts75732,2015,15,['animation'],5,8.2,39
ts56876,2016,10,"['family', 'animation', 'comedy']",3,7.6,31
ts128342,2016,12,"['comedy', 'family', 'fantasy', 'animation']",2,7.7,52
ts308046,2016,52,['documentation'],1,0.0,0
ts62447,2015,11,"['family', 'fantasy']",2,5.6,51
ts77103,2015,52,"['documentation', 'european']",1,7.3,142
ts95796,2016,1,"['music', 'family']",3,6.2,10
ts74711,2015,63,['comedy'],2,6.7,14
ts10793,2015,45,['documentation'],6,6.6,21
ts86985,2016,48,['documentation'],1,7.5,32
ts258052,2015,22,"['family', 'sport', 'documentation']",1,0.0,0
ts79488,2016,52,[],1,7.2,10
ts80039,2015,11,['documentation'],1,6.9,35
ts179412,2016,23,['animation'],1,8.2,8
ts223803,2015,25,[],1,0.0,0
ts83794,2016,21,['documentation'],1,6.7,9
ts95801,2015,9,['animation'],2,8.5,27
ts95810,2016,8,"['family', 'animation']",1,8.5,28
ts41284,2016,13,['reality'],1,8.4,24
ts140628,2015,23,"['family', 'european']",1,7.4,12
ts122072,2015,11,['comedy'],1,5.8,10
ts96002,2016,10,"['family', 'animation']",1,8.9,25
ts100612,2016,15,['comedy'],4,9.4,14
ts141906,2015,26,['documentation'],1,7.6,5
ts128903,2016,46,['documentation'],1,7.3,27
ts95700,2015,12,"['comedy', 'animation']",1,8.8,14
ts115097,2016,8,"['animation', 'family']",1,8.1,21
ts95819,2016,13,"['animation', 'family']",3,6.5,40
ts98387,2015,13,[],1,0.0,0
ts75062,2018,49,"['war', 'action', 'drama', 'thriller']",3,8.0,145705
ts78865,2018,46,"['scifi', 'romance', 'drama', 'fantasy', 'european']",3,7.9,55011
ts55995,2017,54,"['drama', 'comedy']",5,8.7,117073
ts12314,2017,54,"['scifi', 'drama', 'fantasy']",3,7.6,88263
ts74886,2017,29,"['drama', 'comedy']",3,7.8,5290
ts54025,2017,21,['comedy'],2,8.0,2847
ts58178,2017,26,"['scifi', 'action', 'drama', 'fantasy', 'animation']",2,8.4,12351
ts53402,2017,22,"['comedy', 'crime']",2,8.2,16
ts81912,2018,30,"['drama', 'reality', 'thriller']",2,7.4,25346
ts85745,2018,19,['comedy'],3,5.3,208
ts56077,2017,56,"['crime', 'fantasy', 'thriller']",3,7.0,491
ts58158,2017,48,"['drama', 'thriller', 'crime', 'european']",3,7.2,15011
ts55621,2018,45,"['drama', 'scifi', 'action', 'fantasy', 'history', 'european']",3,6.8,16705
ts42172,2017,65,['drama'],3,8.1,29918
ts58301,2017,43,"['drama', 'thriller', 'crime']",4,7.6,161
ts76108,2017,58,['documentation'],1,7.9,230
ts55277,2017,58,"['drama', 'history', 'romance', 'war', 'european']",1,7.5,13809
ts55500,2017,48,"['drama', 'scifi']",1,7.2,17315
ts55798,2017,64,"['drama', 'crime', 'thriller', 'romance', 'scifi', 'comedy']",2,8.5,8884
ts80675,2018,50,"['romance', 'drama']",2,7.7,606
ts58215,2017,45,['documentation'],1,7.8,194
ts80908,2018,56,"['drama', 'comedy', 'crime', 'history', 'european']",1,7.7,14819
ts82872,2018,30,"['drama', 'fantasy', 'comedy']",1,7.1,6855
ts86486,2018,30,"['comedy', 'reality']",5,3.6,635
ts82563,2018,52,"['crime', 'thriller']",1,6.7,934
ts58319,2017,42,"['drama', 'thriller', 'crime']",3,7.2,16148
ts86205,2018,44,"['action', 'scifi']",2,5.3,258
ts55653,2017,45,"['scifi', 'thriller', 'drama']",2,6.9,23150
ts85612,2018,50,"['action', 'crime', 'drama', 'thriller']",2,8.5,74673
ts82776,2018,47,"['drama', 'history']",1,7.3,4579
ts78662,2018,34,['drama'],3,7.3,3169
ts76291,2017,58,"['drama', 'romance', 'european']",1,7.2,6050
ts78016,2018,29,"['drama', 'comedy', 'romance', 'european']",3,8.9,30867
ts125585,2017,10,['comedy'],1,6.7,27
ts75463,2017,45,"['scifi', 'drama', 'crime', 'thriller', 'action', 'horror', 'fantasy', 'comedy', 'romance']",4,7.6,1065
ts83128,2018,60,"['documentation', 'sport']",2,7.8,303
ts76096,2018,55,"['drama', 'thriller', 'crime', 'european']",1,7.2,10299
ts55764,2017,23,"['animation', 'thriller', 'action', 'scifi', 'fantasy']",1,6.9,1044
ts82131,2018,22,"['action', 'drama', 'thriller', 'animation', 'crime']",1,8.2,6655
ts74756,2017,37,"['comedy', 'documentation', 'action', 'reality', 'sport']",2,5.8,307
ts10848,2018,40,"['drama', 'action']",2,6.1,730
ts75989,2017,28,['comedy'],3,0.0,0
ts80079,2018,23,"['comedy', 'animation', 'romance']",1,7.5,3678
ts55571,2017,41,"['drama', 'documentation']",1,7.5,2252
ts75658,2017,42,"['thriller', 'drama', 'documentation', 'horror']",2,6.7,5251
ts55991,2017,25,['comedy'],1,0.0,0
ts258355,2017,51,"['documentation', 'drama']",1,8.2,31
ts236347,2017,24,"['action', 'scifi', 'thriller', 'animation', 'drama', 'fantasy']",1,7.5,1505
ts92234,2018,7,['sport'],8,0.0,0
ts83252,2018,48,"['documentation', 'reality', 'sport']",1,8.1,7231
ts42042,2017,60,"['drama', 'history', 'romance', 'fantasy']",1,7.7,475
ts82601,2018,54,"['crime', 'thriller', 'drama']",1,6.6,10532
ts75805,2017,31,['documentation'],4,8.2,62
ts82380,2018,61,"['reality', 'comedy']",3,6.8,2137
ts57163,2017,45,['drama'],1,6.8,48
ts56728,2017,46,"['drama', 'scifi', 'animation', 'fantasy']",1,6.5,166
ts76478,2017,91,"['drama', 'comedy']",1,8.4,3881
ts80481,2018,51,"['drama', 'thriller', 'romance']",1,6.1,4219
ts86282,2018,37,['comedy'],3,7.3,654
ts110365,2018,46,"['comedy', 'drama', 'romance']",1,0.0,0
ts75862,2017,23,"['action', 'scifi']",2,0.0,0
ts53368,2017,22,"['animation', 'drama', 'romance']",1,6.8,2100
ts75291,2018,80,['drama'],1,7.0,6112
ts79601,2018,58,"['reality', 'documentation']",1,6.7,358
ts53721,2017,45,['reality'],3,3.4,621
ts74735,2018,25,"['drama', 'action']",1,7.4,149
ts75328,2017,42,['reality'],2,5.7,87
ts118548,2017,43,['reality'],2,6.8,6
ts89372,2018,18,"['comedy', 'family', 'animation']",2,7.2,25
ts84595,2018,59,"['crime', 'drama', 'thriller']",1,7.8,6080
ts120341,2017,20,['reality'],3,6.3,22
ts84590,2018,24,"['crime', 'animation', 'drama', 'action', 'thriller', 'fantasy']",1,7.1,404
ts85392,2018,61,"['drama', 'thriller']",1,7.3,2918
ts289673,2017,52,['documentation'],2,0.0,0
ts112213,2018,21,['drama'],3,8.3,41
ts78869,2018,23,"['animation', 'drama', 'sport', 'action']",1,6.7,53
ts82666,2018,45,"['action', 'comedy', 'drama', 'romance', 'sport']",1,6.3,279
ts57262,2017,46,['documentation'],1,0.0,0
ts79019,2018,24,"['comedy', 'drama', 'horror']",1,7.1,857
ts86273,2018,24,"['drama', 'action', 'crime']",1,6.7,915
ts55087,2017,49,"['thriller', 'drama', 'european']",2,6.1,3450
ts83241,2018,43,"['documentation', 'music']",1,9.1,290
ts83741,2018,45,"['drama', 'crime', 'thriller', 'comedy', 'romance']",2,6.4,2626
ts80747,2018,24,"['animation', 'comedy', 'drama']",1,7.8,3440
ts81547,2018,21,['drama'],1,6.6,310
ts83847,2018,48,"['drama', 'war', 'crime', 'thriller']",2,8.0,502
ts56249,2017,25,"['animation', 'comedy']",1,7.4,11
ts58317,2017,44,"['drama', 'sport']",3,7.9,12076
ts78296,2018,39,"['crime', 'drama', 'thriller']",1,8.3,20463
ts75773,2017,24,"['drama', 'action', 'scifi', 'animation', 'fantasy']",1,7.9,1724
ts55756,2017,25,"['comedy', 'animation', 'action', 'fantasy']",1,7.0,1546
ts77789,2018,24,"['action', 'scifi', 'animation']",1,6.3,566
ts84286,2018,24,"['scifi', 'romance', 'animation', 'drama', 'fantasy']",1,7.3,702
ts83601,2018,62,['documentation'],1,7.2,394
ts56824,2017,39,"['scifi', 'drama', 'horror']",1,6.4,644
ts56244,2017,25,"['animation', 'drama', 'scifi', 'thriller', 'fantasy']",1,7.3,149
ts76088,2017,39,"['thriller', 'drama', 'documentation']",1,6.4,6
ts78448,2018,44,"['scifi', 'action', 'fantasy', 'romance']",1,7.6,924
ts86142,2018,50,['comedy'],2,7.3,202
ts82321,2018,43,['reality'],3,5.0,546
ts56102,2017,24,"['scifi', 'action', 'animation', 'fantasy']",1,6.9,767
ts82389,2018,24,"['drama', 'romance', 'thriller', 'animation', 'crime', 'horror']",1,6.4,641
ts78981,2018,27,"['drama', 'family', 'comedy']",1,5.9,489
ts55188,2017,54,"['drama', 'history']",1,7.6,5336
ts79339,2018,24,"['thriller', 'animation', 'drama', 'action', 'fantasy', 'horror']",1,5.9,455
ts77813,2017,24,"['drama', 'thriller', 'comedy']",2,7.4,1637
ts84116,2018,55,"['drama', 'crime']",1,4.3,129
ts261568,2018,70,['action'],1,0.0,0
ts57447,2017,25,"['documentation', 'sport']",1,7.2,787
ts75860,2017,24,"['thriller', 'action', 'animation', 'scifi', 'war', 'drama']",1,7.7,1262
ts108937,2017,27,['reality'],4,8.2,12
ts58493,2017,24,"['action', 'scifi', 'family', 'fantasy', 'animation']",2,7.6,467
ts82274,2018,23,"['comedy', 'animation', 'fantasy']",3,6.5,182
ts113293,2018,3,['animation'],3,7.7,26
ts82554,2017,2,"['animation', 'music']",5,7.0,47
ts77416,2018,22,"['drama', 'animation', 'comedy', 'romance']",1,7.4,1400
ts57049,2017,19,"['comedy', 'family', 'scifi']",4,7.3,531
ts57513,2017,24,"['animation', 'drama', 'thriller']",1,6.5,86
ts81544,2018,43,"['reality', 'sport', 'documentation']",1,8.1,1064
ts83015,2018,39,"['drama', 'scifi', 'action', 'fantasy', 'romance']",1,8.0,177
ts58034,2017,22,"['comedy', 'animation']",1,6.0,67
ts78644,2018,66,"['crime', 'drama']",1,5.6,473
ts76205,2017,26,['drama'],2,8.2,4010
ts81069,2018,50,"['documentation', 'crime']",2,7.1,263
ts83300,2018,45,"['drama', 'history']",1,7.8,801
ts84362,2018,24,"['action', 'comedy', 'drama', 'romance', 'animation']",1,7.2,781
ts77715,2018,24,"['action', 'scifi', 'animation', 'drama', 'romance']",2,5.7,256
ts78581,2018,27,"['documentation', 'sport']",1,7.5,1303
ts82128,2018,24,"['action', 'drama', 'scifi', 'thriller', 'animation', 'fantasy']",1,4.9,154
ts75765,2017,23,"['comedy', 'animation']",1,5.7,333
ts57454,2017,23,"['comedy', 'family', 'fantasy', 'animation']",1,5.0,696
ts85070,2018,36,"['action', 'documentation', 'history', 'sport']",1,7.8,435
ts83685,2018,85,"['documentation', 'crime']",1,0.0,0
ts80205,2018,42,"['reality', 'documentation', 'sport']",1,7.6,745
ts56108,2017,24,"['action', 'comedy', 'animation']",1,6.6,448
ts108992,2018,25,['reality'],3,8.9,46
ts58048,2017,24,"['animation', 'drama', 'romance']",1,7.1,837
ts58281,2017,21,"['action', 'animation', 'drama', 'scifi']",2,7.3,480
ts129852,2017,9,"['horror', 'thriller', 'action']",1,3.0,115
ts56657,2017,23,"['scifi', 'animation', 'action', 'fantasy']",3,5.8,304
ts249366,2017,69,['western'],1,6.2,13
ts57490,2017,23,"['drama', 'animation', 'romance']",1,6.1,718
ts113109,2017,5,"['animation', 'family']",6,8.6,264
ts84271,2017,45,['drama'],1,7.4,54
ts80975,2018,23,"['animation', 'comedy', 'family']",2,5.8,334
ts55146,2017,20,"['animation', 'family', 'fantasy', 'european']",2,4.9,175
ts80458,2017,9,"['animation', 'family']",1,6.0,63
ts56254,2017,29,"['drama', 'animation', 'music', 'romance']",1,6.3,219
ts85349,2018,44,"['comedy', 'history', 'romance', 'scifi']",1,0.0,0
ts118906,2018,25,"['animation', 'comedy', 'family']",3,7.6,173
ts56113,2017,26,"['drama', 'scifi', 'animation']",1,6.6,72
ts86256,2018,18,"['animation', 'drama', 'romance', 'comedy']",1,8.0,308
ts95569,2018,21,"['animation', 'family', 'fantasy']",3,4.1,214
ts90586,2017,40,['comedy'],2,7.7,41
ts84366,2018,12,"['scifi', 'animation', 'comedy', 'fantasy']",1,7.5,84
ts116937,2017,22,"['thriller', 'crime', 'drama', 'scifi']",1,6.4,15
ts105112,2018,27,"['romance', 'comedy', 'drama']",1,4.0,7
ts56675,2017,26,['comedy'],1,5.9,198
ts236619,2018,3,[],1,0.0,0
ts118097,2018,25,"['comedy', 'sport']",3,7.9,82
ts84616,2018,45,['drama'],1,0.0,0
ts286394,2018,26,['comedy'],2,7.6,5578
ts213936,2018,44,['comedy'],1,7.2,14
ts82819,2018,28,"['documentation', 'sport']",1,7.1,231
ts95826,2017,6,"['animation', 'family']",3,9.0,57
ts118734,2017,26,['comedy'],1,5.3,208
ts102921,2018,27,"['comedy', 'drama']",1,9.0,46
ts89621,2017,50,"['documentation', 'crime']",1,7.3,54
ts89762,2017,49,['reality'],3,8.0,48
ts191563,2018,4,"['family', 'animation']",5,5.5,28
ts110717,2018,11,"['comedy', 'family', 'animation']",1,8.6,63
ts79006,2018,25,"['fantasy', 'animation', 'family']",2,5.0,142
ts90224,2018,79,[],1,0.0,0
ts83976,2018,56,"['documentation', 'sport']",1,7.3,105
ts251418,2017,19,['family'],4,0.0,0
ts86767,2018,32,"['documentation', 'sport']",1,7.1,61
ts114503,2018,40,"['comedy', 'documentation', 'reality']",1,6.7,1112
ts96003,2018,29,"['history', 'documentation']",1,8.4,221
ts86261,2018,19,"['action', 'comedy', 'family']",1,8.2,9
ts110185,2017,11,"['animation', 'family']",2,7.5,28
ts224197,2017,45,"['family', 'drama']",1,0.0,0
ts120722,2017,5,['animation'],2,9.1,13
ts95699,2017,7,"['animation', 'family']",2,6.9,24
ts142311,2017,9,['comedy'],1,5.4,166
ts80239,2017,14,"['documentation', 'crime', 'horror']",1,7.7,9
ts263383,2018,14,"['family', 'comedy', 'animation']",2,0.0,0
ts105811,2017,1,['family'],1,1.9,17
ts86952,2017,20,['drama'],2,7.1,35
ts249464,2017,25,"['animation', 'action', 'comedy', 'family']",1,8.8,31
ts120392,2017,25,[],1,6.8,7
ts250455,2018,3,['animation'],3,0.0,0
ts258310,2018,27,['documentation'],1,6.4,16
ts97576,2017,47,['documentation'],1,7.1,28
ts111156,2018,12,['comedy'],1,7.0,38
ts96439,2018,34,['comedy'],1,5.6,8
ts287841,2018,23,"['romance', 'crime']",3,6.5,7
ts114514,2018,5,"['fantasy', 'comedy']",1,8.0,28
ts78989,2017,25,['drama'],1,6.9,19
ts105217,2017,1,[],2,0.0,0
ts110904,2018,21,['sport'],6,0.0,0
ts108300,2018,38,[],6,8.4,190
ts94969,2017,11,"['animation', 'fantasy']",1,7.5,42
ts120157,2017,25,['action'],1,0.0,0
ts190637,2018,26,[],5,8.0,10
ts104136,2018,30,"['comedy', 'reality']",1,6.8,30
ts112902,2018,58,['comedy'],1,0.0,0
ts103625,2018,12,"['animation', 'comedy']",1,7.6,9
ts325749,2017,21,['drama'],1,7.9,27
ts103639,2018,23,['reality'],2,8.5,7
ts285007,2017,1,"['family', 'music', 'animation']",4,0.0,0
ts104665,2018,9,"['action', 'family', 'fantasy', 'music', 'animation']",3,6.9,45
ts104491,2017,1,[],1,0.0,0
ts115791,2018,56,['comedy'],1,6.4,14
ts87959,2020,54,"['drama', 'crime', 'thriller']",2,7.6,54390
ts146916,2019,55,"['scifi', 'thriller', 'horror', 'crime', 'drama', 'fantasy']",2,7.8,57194
ts86600,2019,49,"['drama', 'history']",3,9.3,33844
ts255742,2020,48,"['drama', 'comedy', 'documentation']",3,8.6,13171
ts78125,2019,61,"['action', 'scifi', 'crime', 'drama', 'comedy']",4,8.7,533054
ts80679,2019,53,"['drama', 'crime']",3,8.1,16184
ts81219,2020,60,"['crime', 'drama']",2,7.2,48370
ts111977,2020,52,"['crime', 'drama', 'family']",3,7.6,8310
ts86545,2020,58,"['drama', 'action', 'crime']",2,8.1,35589
ts90311,2019,25,"['action', 'drama', 'war', 'history', 'animation']",2,8.8,45176
ts105164,2019,64,"['drama', 'crime', 'history', 'thriller']",3,7.5,7014
ts108549,2019,49,"['drama', 'romance']",3,7.7,14841
ts89886,2020,53,"['crime', 'thriller']",3,8.0,1657
ts57328,2019,56,"['comedy', 'drama', 'scifi', 'fantasy']",2,8.1,71075
ts87778,2020,31,"['scifi', 'comedy']",3,7.9,68663
ts283298,2019,32,"['comedy', 'romance']",2,8.0,30638
ts85747,2019,33,"['action', 'comedy', 'drama']",1,8.4,16692
ts189659,2020,47,"['horror', 'scifi', 'drama']",2,4.4,15629
ts218144,2020,62,"['drama', 'crime']",4,7.3,8485
ts87870,2019,23,"['animation', 'scifi', 'drama', 'fantasy']",2,8.2,21459
ts55221,2019,75,"['crime', 'drama', 'thriller']",1,7.3,10017
ts89628,2019,46,['action'],2,6.7,6255
ts47256,2019,49,"['action', 'drama']",3,7.6,39854
ts231002,2020,28,"['family', 'drama', 'action']",3,6.3,218
ts111122,2020,55,"['crime', 'drama', 'thriller']",1,8.1,26656
ts296795,2020,53,['reality'],3,6.7,2278
ts88545,2020,60,"['drama', 'crime']",2,7.3,10580
ts378259,2019,25,['comedy'],1,0.0,0
ts223059,2020,50,"['drama', 'documentation', 'sport']",2,8.8,3361
ts82800,2020,45,"['drama', 'thriller']",1,6.9,4977
ts251253,2020,43,"['action', 'drama']",2,0.0,0
ts86396,2019,29,"['comedy', 'scifi']",1,6.3,3607
ts223540,2020,50,"['documentation', 'comedy']",2,8.2,8022
ts237157,2020,43,"['drama', 'thriller', 'crime']",1,5.9,6039
ts87958,2019,57,"['drama', 'war', 'history', 'romance']",2,6.9,9215
ts108389,2020,53,"['drama', 'scifi']",1,7.4,20296
ts94023,2020,54,"['drama', 'thriller']",2,7.3,22939
ts115157,2019,57,"['thriller', 'crime', 'drama']",1,7.1,10945
ts235624,2020,45,"['crime', 'scifi', 'drama', 'romance']",2,6.2,3299
ts297864,2020,24,['drama'],1,0.0,0
ts271783,2019,28,"['reality', 'comedy']",3,8.2,951
ts90711,2019,41,"['drama', 'thriller', 'action', 'crime']",1,7.3,92
ts217979,2020,28,"['comedy', 'horror', 'scifi', 'drama', 'fantasy']",1,7.0,13988
ts90873,2019,36,['documentation'],1,6.3,125
ts271996,2020,81,"['drama', 'history']",1,7.9,4727
ts234449,2019,19,['documentation'],3,0.0,0
ts87694,2019,38,"['drama', 'comedy', 'romance']",3,5.4,42782
ts102139,2019,33,"['sport', 'documentation', 'reality']",2,5.3,476
ts191118,2019,26,['reality'],2,7.4,72
ts217448,2019,81,"['documentation', 'sport']",1,7.2,686
ts255434,2020,61,"['thriller', 'drama', 'crime', 'romance']",1,8.6,9761
ts85213,2020,57,"['scifi', 'horror', 'thriller', 'crime', 'drama', 'fantasy', 'history']",1,6.1,10165
ts269981,2020,43,"['drama', 'romance']",1,8.1,26
ts218221,2020,26,['drama'],1,7.1,434
ts87233,2019,63,"['crime', 'drama', 'documentation', 'romance']",1,7.2,2277
ts223058,2019,54,"['scifi', 'family']",1,0.0,0
ts252101,2020,47,['reality'],1,0.0,0
ts251654,2020,33,"['drama', 'scifi']",1,0.0,0
ts84658,2019,23,"['animation', 'scifi', 'action']",1,7.0,92
ts238054,2020,13,"['comedy', 'drama', 'romance']",1,6.0,176
ts226414,2020,56,"['action', 'drama', 'family']",3,7.2,267
ts249921,2020,48,['comedy'],1,0.0,0
ts268574,2020,49,"['drama', 'comedy']",1,7.4,102
ts88557,2019,27,"['comedy', 'drama', 'romance']",2,8.7,9238
ts230603,2020,38,"['drama', 'thriller']",1,7.5,216
ts80485,2020,49,"['drama', 'action', 'thriller', 'scifi']",1,6.7,14561
ts223100,2019,46,['reality'],4,0.0,0
ts187541,2019,80,"['comedy', 'scifi', 'drama', 'romance', 'action', 'fantasy', 'horror']",1,8.1,10323
ts133315,2019,38,"['thriller', 'horror', 'scifi']",1,5.4,867
ts87789,2019,51,"['reality', 'documentation']",2,5.8,969
ts237241,2020,46,['reality'],2,5.3,778
ts107127,2020,33,"['comedy', 'drama']",3,6.1,2653
ts236697,2020,49,"['drama', 'romance', 'comedy']",1,7.4,475
ts252269,2020,48,"['documentation', 'sport']",2,7.5,486
ts236482,2020,56,"['drama', 'sport', 'documentation']",2,8.8,26
ts255055,2020,61,"['drama', 'action', 'comedy', 'romance']",1,6.3,189
ts215683,2019,44,"['action', 'drama', 'fantasy', 'horror', 'romance', 'comedy']",1,8.8,7131
ts237051,2020,46,"['documentation', 'crime']",1,8.5,2568
ts224733,2020,50,"['documentation', 'crime']",1,6.4,1043
ts88162,2019,50,"['drama', 'comedy']",2,7.2,5802
ts223381,2019,32,"['drama', 'comedy']",3,8.5,17164
ts190132,2019,29,"['comedy', 'reality']",2,6.3,1026
ts224907,2020,62,"['comedy', 'drama', 'romance', 'action']",1,7.5,3259
ts94096,2020,46,['scifi'],1,5.6,593
ts251392,2020,48,['documentation'],1,0.0,0
ts109806,2019,21,['comedy'],1,7.9,582
ts84637,2019,24,"['animation', 'action', 'fantasy', 'horror']",1,8.3,15270
ts251020,2020,45,"['thriller', 'crime', 'drama']",2,7.6,17833
ts88367,2019,24,"['scifi', 'animation', 'family']",1,7.2,224
ts221362,2019,45,"['action', 'drama', 'comedy']",2,8.7,89029
ts87398,2019,42,"['documentation', 'reality']",3,3.5,185
ts241085,2020,49,['documentation'],1,7.5,15
ts89075,2019,75,"['drama', 'comedy', 'romance']",2,7.7,4836
ts87384,2019,46,"['drama', 'action', 'thriller', 'romance']",1,6.9,10464
ts218488,2020,59,"['action', 'drama', 'history', 'war']",2,6.7,3843
ts148398,2020,64,"['drama', 'thriller', 'action', 'crime']",2,8.1,34
ts237536,2020,33,"['comedy', 'drama']",2,8.9,73297
ts188353,2020,25,"['drama', 'comedy']",1,7.5,3208
ts253654,2020,43,['documentation'],1,6.1,53
ts131867,2019,23,"['western', 'action', 'comedy']",1,7.1,34
ts237364,2020,23,"['action', 'comedy', 'drama', 'family', 'fantasy', 'animation']",2,7.1,1098
ts82702,2020,45,"['drama', 'fantasy', 'romance']",1,8.1,880
ts251536,2020,27,[],1,5.6,221
ts88827,2019,60,"['scifi', 'romance', 'thriller', 'fantasy']",1,7.7,1883
ts238737,2020,10,['comedy'],1,6.4,10
ts235732,2020,23,['reality'],1,8.2,53
ts240003,2020,88,"['horror', 'comedy']",3,4.6,9
ts86928,2019,75,"['action', 'drama', 'history', 'romance']",1,8.0,1156
ts187574,2020,53,"['crime', 'action', 'thriller']",1,7.4,856
ts110030,2020,67,['comedy'],1,0.0,0
ts230475,2019,33,['reality'],1,8.5,59
ts91649,2019,11,['comedy'],1,7.8,57
ts88435,2020,54,"['crime', 'thriller', 'drama', 'action']",1,5.9,618
ts90902,2019,63,"['drama', 'romance']",1,7.8,1651
ts223427,2019,14,"['comedy', 'family', 'history', 'animation']",1,7.7,129
ts230248,2020,45,['drama'],1,7.5,245
ts227574,2019,23,"['animation', 'drama', 'thriller', 'action']",1,6.4,598
ts218118,2019,55,"['documentation', 'crime', 'war']",1,6.6,158
ts251561,2020,48,['documentation'],1,6.3,26
ts237215,2020,43,['thriller'],1,0.0,0
ts217261,2019,44,"['sport', 'documentation', 'drama']",2,8.0,2131
ts97421,2020,20,['scifi'],1,4.7,22
ts240201,2020,77,"['documentation', 'history', 'war']",1,8.1,200
ts255185,2020,58,"['documentation', 'war']",1,8.1,624
ts259788,2020,18,[],3,2.0,150
ts221035,2020,23,['drama'],1,0.0,0
ts268505,2020,45,['action'],1,0.0,0
ts223977,2020,46,"['documentation', 'crime']",1,7.8,2748
ts262117,2020,23,"['comedy', 'scifi', 'animation', 'action']",1,7.3,8
ts105805,2020,25,"['drama', 'romance']",1,2.8,15598
ts225837,2020,44,"['action', 'drama']",1,0.0,0
ts269682,2020,88,['comedy'],2,0.0,0
ts251714,2020,30,['documentation'],1,7.5,1877
ts88926,2019,50,"['drama', 'romance']",1,8.3,11400
ts92399,2019,27,['comedy'],2,5.9,2483
ts216637,2019,25,"['scifi', 'animation', 'comedy', 'fantasy']",1,6.9,24
ts186214,2020,37,"['war', 'action', 'drama', 'history']",2,7.9,5514
ts225492,2020,70,['drama'],1,0.0,0
ts215237,2020,43,"['drama', 'horror', 'reality']",1,6.4,75
ts223211,2020,47,"['drama', 'scifi', 'fantasy', 'romance', 'action']",1,8.2,747
ts252005,2020,40,"['scifi', 'comedy', 'fantasy', 'romance']",1,7.8,78
ts188338,2019,18,"['history', 'drama', 'thriller']",3,6.0,169
ts224991,2020,50,"['documentation', 'sport']",1,7.1,584
ts243572,2020,44,['drama'],1,5.9,286
ts243944,2020,19,"['reality', 'drama', 'history']",4,8.1,19
ts235753,2020,42,['reality'],3,0.0,0
ts251977,2020,45,[],2,6.6,165
ts89818,2019,38,['documentation'],1,6.5,520
ts105708,2019,58,"['documentation', 'sport']",1,8.1,725
ts88565,2019,42,['documentation'],1,7.7,817
ts237746,2020,29,['documentation'],1,6.9,53
ts258978,2020,27,"['drama', 'romance']",4,8.1,19
ts90283,2019,43,['reality'],1,5.5,102
ts217920,2019,28,['drama'],1,0.0,0
ts113028,2019,56,['reality'],1,4.1,409
ts276581,2019,4,['drama'],1,0.0,0
ts251859,2020,41,"['family', 'drama']",1,0.0,0
ts231707,2019,18,['drama'],1,4.6,26
ts88687,2019,46,['action'],1,0.0,0
ts220115,2019,44,['drama'],1,0.0,0
ts223869,2019,45,"['drama', 'thriller', 'comedy', 'romance', 'action', 'history']",1,7.6,286
ts237593,2020,43,['drama'],1,0.0,0
ts225623,2020,43,['action'],1,0.0,0
ts105548,2019,20,"['family', 'drama', 'comedy', 'action', 'thriller', 'animation', 'fantasy']",3,5.7,1438
ts286832,2019,47,['drama'],1,6.9,112
ts256526,2020,50,"['drama', 'comedy', 'fantasy', 'sport']",1,8.6,175
ts237273,2020,22,"['drama', 'comedy']",3,4.1,435
ts214857,2020,53,"['crime', 'drama', 'thriller']",1,6.1,5464
ts186880,2019,47,"['crime', 'drama']",2,6.7,81
ts101897,2019,45,"['action', 'drama', 'fantasy', 'history', 'romance', 'war']",1,7.3,122
ts269240,2020,45,"['drama', 'history']",1,6.8,104
ts235770,2020,46,"['drama', 'history', 'music', 'romance', 'war']",1,8.7,111
ts221220,2019,48,"['romance', 'comedy', 'drama']",1,5.7,36
ts269289,2020,58,"['comedy', 'thriller', 'drama', 'romance']",1,7.3,301
ts225406,2020,32,['drama'],1,0.0,0
ts220245,2019,47,['action'],1,0.0,0
ts237627,2020,40,"['comedy', 'fantasy', 'romance', 'drama']",1,7.9,704
ts212973,2020,45,"['drama', 'romance']",1,7.4,17
ts256175,2020,41,['drama'],1,0.0,0
ts213763,2019,42,"['drama', 'fantasy', 'history', 'scifi']",1,8.3,25
ts223636,2019,43,['drama'],1,0.0,0
ts108985,2019,25,"['animation', 'fantasy']",3,8.9,194
ts226596,2020,41,"['thriller', 'drama', 'history', 'romance']",1,8.3,74
ts88813,2019,23,"['drama', 'history']",1,6.6,35
ts256892,2020,45,['war'],1,0.0,0
ts255098,2020,41,['drama'],1,7.1,22
ts222503,2019,45,"['drama', 'romance']",1,8.1,66
ts192297,2019,16,"['family', 'animation']",5,5.3,96
ts90671,2019,22,['comedy'],3,7.1,110
ts225989,2019,24,"['drama', 'romance']",1,6.5,128
ts262717,2020,50,['reality'],1,6.5,572
ts253811,2020,45,['drama'],1,0.0,0
ts251348,2020,45,"['romance', 'drama', 'history']",1,6.6,11
ts251959,2020,38,['drama'],1,0.0,0
ts304666,2020,29,"['scifi', 'fantasy']",3,6.6,11
ts245147,2020,23,"['family', 'animation']",4,8.6,104
ts255728,2020,33,"['documentation', 'sport']",1,7.8,88
ts254670,2020,31,['drama'],1,0.0,0
ts216972,2019,22,['animation'],1,7.4,31
ts222938,2019,44,['drama'],1,0.0,0
ts105254,2019,13,"['animation', 'comedy']",1,7.3,77
ts106632,2019,4,['comedy'],2,0.0,0
ts265139,2020,5,"['animation', 'action', 'family']",2,7.3,18
ts254443,2020,22,['comedy'],1,6.0,615
ts188533,2019,9,"['animation', 'comedy', 'family']",2,2.8,80
ts366785,2020,56,[],1,0.0,0
ts233408,2019,52,['documentation'],3,8.8,21
ts349880,2020,21,['animation'],1,0.0,0
ts105631,2020,13,"['comedy', 'drama']",1,5.1,172
ts240255,2020,20,['reality'],5,6.2,33
ts187963,2019,24,"['comedy', 'documentation']",1,7.8,210
ts268847,2020,30,['drama'],1,0.0,0
ts313162,2020,52,"['documentation', 'history', 'war']",1,7.4,26
ts214494,2019,36,['comedy'],1,5.9,271
ts264086,2020,13,"['comedy', 'documentation']",1,8.4,98
ts188279,2019,43,"['western', 'family', 'reality']",1,7.1,65
ts325835,2020,7,[],1,0.0,0
ts111637,2019,26,['reality'],1,6.3,19
ts237801,2020,47,[],1,0.0,0
ts233538,2020,15,"['thriller', 'drama']",2,7.7,44
ts93530,2019,22,['comedy'],1,6.9,65
ts234634,2020,14,"['comedy', 'drama', 'family']",1,0.0,0
ts292307,2020,6,"['comedy', 'animation']",1,7.4,16
ts218407,2019,45,['comedy'],1,3.3,8
ts188351,2019,16,"['family', 'romance', 'comedy', 'drama']",1,9.1,21
ts265292,2020,39,['reality'],2,0.0,0
ts343520,2020,39,[],1,0.0,0
ts213319,2020,45,"['fantasy', 'drama', 'comedy']",1,8.4,97
ts100430,2020,10,"['animation', 'comedy', 'drama', 'fantasy']",2,8.1,27
ts277705,2020,34,['comedy'],1,5.1,17
ts213119,2019,42,"['comedy', 'drama']",2,7.7,23
ts220801,2019,46,['documentation'],1,6.3,17
ts266936,2020,14,['animation'],2,7.5,21
ts298462,2020,2,['animation'],4,0.0,0
ts274757,2020,12,['animation'],1,7.0,5
ts278276,2020,1,"['animation', 'family', 'music']",1,0.0,0
ts231725,2019,29,"['comedy', 'drama']",1,9.7,30
ts262037,2020,12,"['comedy', 'fantasy', 'animation']",3,7.1,172
ts374473,2019,59,[],1,8.3,0
ts238953,2019,25,['documentation'],1,8.3,59
ts234518,2020,69,['comedy'],1,0.0,0
ts230062,2019,17,['reality'],1,0.0,0
ts219433,2020,18,"['history', 'drama']",1,0.0,0
ts264772,2020,33,[],2,0.0,0
ts215433,2020,16,"['comedy', 'family', 'fantasy', 'animation']",2,2.8,683
ts242904,2020,40,"['drama', 'romance']",1,8.4,33
ts260526,2020,4,['animation'],2,0.0,0
ts218126,2020,24,['comedy'],1,8.1,48
ts294685,2020,23,['documentation'],2,0.0,0
ts213242,2019,21,['drama'],1,5.8,299
ts265534,2020,2,['comedy'],1,0.0,0
ts101922,2019,43,['reality'],1,7.3,24
ts232058,2019,29,[],2,8.5,96
ts232739,2020,6,['family'],1,8.8,9
ts298837,2020,13,['animation'],1,6.8,10
ts264427,2020,27,['reality'],1,8.3,67
ts228563,2019,22,[],2,0.0,0
ts228068,2021,57,"['thriller', 'drama', 'horror']",3,7.9,52517
ts222806,2022,62,"['drama', 'scifi', 'thriller']",1,7.6,65250
ts296021,2021,46,"['reality', 'documentation', 'comedy']",2,9.0,44581
ts230063,2022,26,"['comedy', 'fantasy', 'animation', 'action', 'scifi']",3,8.4,32788
ts296827,2022,46,"['drama', 'fantasy', 'horror']",1,7.1,15136
ts325752,2022,70,"['fantasy', 'action', 'drama', 'scifi']",1,6.9,322989
ts314375,2022,49,"['action', 'crime', 'drama', 'thriller']",1,8.1,132377
ts225313,2022,52,"['drama', 'western']",1,7.9,21821
ts309360,2022,50,"['crime', 'drama']",1,7.3,9828
ts225649,2021,43,"['drama', 'comedy']",2,7.1,9494
ts226290,2022,58,"['drama', 'history']",1,7.3,6103
ts317220,2021,53,"['drama', 'crime']",1,8.1,91348
ts233781,2022,58,"['action', 'drama', 'thriller']",2,7.9,94754
ts300078,2022,45,"['drama', 'crime', 'thriller']",1,7.6,9366
ts319271,2022,50,"['western', 'drama', 'romance', 'history']",1,7.2,4711
ts328473,2022,59,"['drama', 'scifi', 'crime', 'thriller']",1,7.7,18298
ts108603,2022,45,"['comedy', 'drama']",1,8.4,13980
ts272484,2022,52,['drama'],1,7.7,5063
ts269167,2022,50,"['western', 'thriller', 'drama']",1,7.1,28723
ts368725,2022,51,"['action', 'drama', 'fantasy', 'horror', 'thriller']",1,7.1,1269
ts114855,2022,48,"['western', 'drama']",1,7.1,3194
ts236449,2021,52,"['drama', 'crime']",2,7.5,4648
ts281929,2021,45,"['scifi', 'action', 'drama', 'fantasy', 'thriller', 'horror', 'animation']",2,8.7,146618
ts256111,2022,54,"['drama', 'scifi', 'fantasy']",1,7.4,19386
ts57325,2021,59,"['scifi', 'drama', 'fantasy', 'action']",1,7.2,87846
ts343272,2022,21,['comedy'],2,6.6,2297
ts313947,2022,45,"['action', 'scifi', 'drama', 'fantasy', 'horror', 'thriller']",1,5.9,4288
ts313840,2021,61,"['crime', 'drama', 'comedy', 'thriller']",2,7.7,13081
ts88470,2021,57,"['drama', 'thriller']",1,7.6,13946
ts216926,2021,35,['comedy'],2,7.1,4269
ts309846,2022,30,"['comedy', 'fantasy', 'horror', 'drama']",2,6.9,3846
ts269919,2022,49,"['action', 'drama', 'war', 'thriller']",1,7.2,4536
ts251918,2022,53,"['drama', 'comedy', 'sport', 'family', 'romance']",1,7.5,22822
ts296664,2021,41,"['documentation', 'comedy']",2,7.5,503
ts312780,2022,44,"['action', 'drama', 'scifi', 'thriller', 'fantasy']",1,7.3,603
ts242693,2021,43,"['drama', 'horror', 'thriller']",2,7.4,20774
ts233948,2022,54,"['crime', 'drama']",2,8.1,6039
ts298405,2022,52,['drama'],2,6.7,1958
ts256003,2021,29,"['drama', 'comedy']",2,6.2,786
ts353299,2022,60,"['music', 'documentation']",1,7.9,379
ts301852,2022,26,"['drama', 'comedy']",1,5.8,3245
ts251574,2022,44,"['scifi', 'thriller', 'fantasy', 'horror', 'drama']",1,7.3,10673
ts269096,2021,64,"['drama', 'romance']",1,7.5,1159
ts371461,2022,31,"['comedy', 'reality']",1,7.5,178
ts345528,2022,9,[],1,0.0,0
ts233954,2021,56,"['crime', 'drama']",3,7.6,4733
ts281544,2022,45,"['drama', 'romance']",2,7.4,21644
ts317105,2021,47,"['documentation', 'history']",1,8.5,354
ts301550,2022,49,"['documentation', 'sport']",1,8.3,5244
ts352729,2022,33,"['action', 'drama']",1,5.8,22
ts359646,2022,45,['documentation'],2,7.8,160
ts276796,2021,29,"['comedy', 'reality']",3,7.3,1992
ts329593,2022,54,"['music', 'documentation']",1,7.5,104
ts235293,2021,23,['comedy'],1,6.7,2230
ts330248,2022,27,['comedy'],1,6.6,125
ts235426,2022,25,['comedy'],2,8.2,1943
ts368086,2022,45,['drama'],1,7.2,1374
ts330139,2022,46,['drama'],1,7.8,1084
ts370254,2022,24,['documentation'],2,7.2,26
ts286928,2021,62,"['comedy', 'drama', 'music', 'romance']",1,7.3,1586
ts364745,2022,29,['comedy'],1,5.6,133
ts224849,2022,51,"['drama', 'crime']",1,6.7,769
ts296570,2021,49,"['crime', 'documentation']",1,0.0,0
ts288324,2021,23,"['comedy', 'scifi']",1,0.0,0
ts285948,2021,25,['reality'],2,0.0,0
ts292153,2022,56,"['drama', 'thriller']",1,6.6,3574
ts238325,2022,51,"['drama', 'thriller', 'war']",1,7.2,752
ts321051,2021,59,"['drama', 'history']",1,7.0,6122
ts317630,2021,33,"['drama', 'comedy', 'family']",1,8.2,3446
ts237035,2021,43,"['action', 'scifi', 'fantasy', 'romance', 'history']",1,8.5,399
ts304676,2021,58,"['drama', 'action', 'sport']",1,8.0,7272
ts272409,2021,32,['drama'],2,7.4,776
ts274557,2021,26,['comedy'],3,6.9,995
ts241613,2022,27,"['comedy', 'drama', 'music']",1,0.0,0
ts374232,2022,44,['thriller'],1,0.0,0
ts241892,2021,28,"['documentation', 'reality', 'comedy']",1,8.5,2387
ts363735,2022,29,"['drama', 'comedy']",1,6.1,352
ts286567,2022,40,"['drama', 'crime', 'thriller']",1,6.5,262
ts362775,2022,47,['drama'],1,4.9,496
ts261377,2021,10,['comedy'],1,7.8,50
ts293638,2022,28,['documentation'],1,6.8,21
ts349274,2022,49,"['thriller', 'drama', 'crime']",1,8.2,4183
ts307383,2021,41,"['documentation', 'crime']",2,7.1,151
ts81629,2021,59,"['drama', 'fantasy', 'history', 'war']",1,7.4,7687
ts308875,2022,52,"['drama', 'comedy', 'crime']",1,7.3,915
ts319406,2022,14,"['action', 'comedy', 'drama', 'scifi', 'animation']",1,6.9,13905
ts329959,2022,41,"['drama', 'thriller', 'comedy']",1,8.4,5228
ts330050,2022,33,"['drama', 'comedy']",1,5.8,46
ts304662,2021,46,['documentation'],1,7.5,3860
ts363721,2022,32,"['drama', 'comedy', 'romance']",1,6.5,203
ts368759,2022,27,['documentation'],1,0.0,0
ts251446,2021,12,"['action', 'animation']",4,7.0,372
ts307206,2022,53,['drama'],1,7.6,319
ts296755,2022,41,"['action', 'drama']",1,6.8,1825
ts304595,2021,51,"['drama', 'documentation', 'history']",1,7.3,238
ts349372,2022,44,['drama'],1,5.2,868
ts310958,2021,50,"['documentation', 'sport']",1,7.5,143
ts362229,2021,21,['comedy'],1,0.0,0
ts323477,2022,47,['reality'],1,6.2,1659
ts331561,2022,33,['comedy'],1,7.7,731
ts293446,2022,30,"['comedy', 'reality']",1,7.3,836
ts218411,2022,45,"['comedy', 'crime', 'drama', 'thriller']",1,6.6,1686
ts77339,2021,48,"['drama', 'horror', 'thriller']",1,5.3,8213
ts346423,2022,50,['drama'],1,7.5,655
ts304928,2021,70,"['action', 'comedy', 'crime', 'drama', 'fantasy', 'romance', 'thriller', 'scifi']",1,8.0,2702
ts304430,2021,42,"['drama', 'family']",1,0.0,0
ts273448,2021,46,['drama'],1,0.0,0
ts364301,2022,67,['drama'],1,7.7,433
ts260769,2021,28,"['drama', 'comedy']",2,6.6,775
ts321305,2022,45,['drama'],1,7.4,17
ts374548,2022,34,['documentation'],1,7.5,346
ts345981,2022,48,['reality'],1,4.5,352
ts296489,2022,46,"['drama', 'romance']",1,7.3,163
ts283001,2021,63,"['comedy', 'drama', 'romance']",1,7.2,351
ts301893,2021,46,"['crime', 'drama', 'thriller']",1,7.4,8859
ts369953,2022,31,"['drama', 'romance']",1,0.0,0
ts270808,2021,42,"['documentation', 'comedy']",1,5.5,2712
ts273088,2021,59,"['drama', 'romance']",1,6.7,4937
ts309908,2021,50,['documentation'],1,8.2,731
ts269256,2021,65,"['scifi', 'comedy', 'fantasy', 'romance']",1,7.7,3326
ts360918,2022,51,"['documentation', 'crime']",1,6.5,74
ts287934,2021,7,"['comedy', 'reality', 'documentation']",1,5.6,979
ts330112,2022,33,['drama'],1,0.0,0
ts267704,2022,33,"['comedy', 'drama']",1,8.1,3807
ts218566,2021,50,"['drama', 'history', 'romance']",1,7.1,793
ts329433,2022,53,['documentation'],1,7.9,82
ts368867,2022,50,['documentation'],1,0.0,0
ts274135,2021,64,"['action', 'drama', 'thriller']",1,7.4,1108
ts317425,2021,61,"['drama', 'sport', 'documentation']",1,7.1,2048
ts291735,2022,33,['comedy'],1,7.6,730
ts314382,2021,46,['documentation'],1,6.0,807
ts320457,2021,46,[],1,0.0,0
ts325192,2022,48,"['crime', 'drama', 'thriller']",1,7.3,2533
ts312119,2021,41,"['documentation', 'music']",2,8.5,799
ts354438,2022,55,"['reality', 'romance']",1,5.2,249
ts291402,2021,43,"['reality', 'documentation']",3,6.2,622
ts321286,2022,50,['documentation'],1,6.6,295
ts279209,2022,21,[],1,0.0,0
ts364081,2022,38,"['drama', 'comedy', 'romance']",1,6.5,162
ts373939,2022,12,"['comedy', 'action', 'drama', 'scifi']",1,7.6,62
ts362977,2022,53,['reality'],1,8.3,103
ts344407,2022,44,['crime'],1,8.4,18
ts363099,2022,32,"['comedy', 'drama']",1,8.5,108
ts349119,2022,46,"['crime', 'thriller', 'drama', 'fantasy']",1,8.2,8249
ts233747,2021,27,"['comedy', 'drama']",2,6.2,1215
ts287994,2021,35,"['drama', 'action']",1,0.0,0
ts228560,2021,36,"['crime', 'drama', 'comedy']",2,6.6,1324
ts350425,2022,44,['drama'],1,7.3,3958
ts346110,2022,54,['reality'],1,3.8,206
ts259624,2021,30,"['scifi', 'thriller']",1,7.0,15
ts276453,2022,46,"['thriller', 'drama', 'history']",2,7.7,881
ts285371,2021,38,"['drama', 'comedy']",1,7.9,1394
ts287503,2021,57,['drama'],2,0.0,0
ts371540,2022,55,"['documentation', 'sport']",1,7.1,79
ts273461,2021,43,"['drama', 'action', 'scifi', 'history', 'romance', 'fantasy']",1,8.5,3225
ts287720,2021,44,"['action', 'crime', 'drama', 'thriller']",1,6.5,8684
ts314836,2022,29,['comedy'],1,6.1,127
ts296937,2021,49,"['comedy', 'romance']",1,7.2,2080
ts329879,2022,48,['documentation'],1,7.8,387
ts291806,2022,47,"['reality', 'comedy']",1,7.1,250
ts288079,2021,48,['drama'],1,0.0,0
ts356163,2022,43,"['documentation', 'reality']",1,4.2,269
ts312278,2021,10,['animation'],1,7.7,86
ts288747,2022,28,['documentation'],1,1.1,13737
ts351593,2021,3,['animation'],1,0.0,0
ts273422,2021,26,"['scifi', 'drama', 'fantasy']",1,6.0,4954
ts366907,2022,32,['documentation'],1,0.0,0
ts41221,2021,38,"['drama', 'scifi', 'fantasy', 'music', 'thriller']",1,6.5,2127
ts357473,2022,26,['action'],1,5.1,27
ts366941,2022,32,['drama'],1,6.4,115
ts286568,2021,45,['reality'],1,7.5,149
ts240318,2022,34,"['comedy', 'drama', 'romance']",1,5.8,153
ts296730,2021,53,['documentation'],1,7.7,67
ts260461,2022,64,"['documentation', 'reality']",1,7.0,63
ts300227,2021,43,['action'],1,0.0,0
ts299876,2021,51,['drama'],1,0.0,0
ts321312,2022,52,"['documentation', 'comedy']",1,7.2,226
ts299724,2021,88,['comedy'],1,5.4,8
ts353929,2022,45,['drama'],1,0.0,0
ts273290,2021,52,"['drama', 'thriller']",3,6.5,1822
ts302642,2021,45,"['comedy', 'drama', 'family', 'romance']",1,7.0,536
ts348250,2022,27,"['comedy', 'drama']",1,4.5,15
ts222740,2021,28,['scifi'],1,0.0,0
ts349263,2022,41,"['drama', 'comedy', 'romance']",1,7.9,16297
ts328598,2022,35,"['drama', 'thriller']",9,6.1,1869
ts286598,2021,27,"['comedy', 'romance']",1,7.3,99
ts279446,2021,56,"['documentation', 'crime']",1,5.8,663
ts303282,2021,43,['reality'],1,4.7,398
ts117476,2021,25,"['drama', 'crime', 'animation', 'comedy', 'fantasy']",2,5.3,1028
ts314973,2021,30,['reality'],2,0.0,0
ts366693,2022,34,"['drama', 'comedy']",1,7.9,59
ts269687,2021,66,"['documentation', 'reality', 'sport']",1,8.4,301
ts311574,2021,50,"['documentation', 'sport']",1,8.2,1140
ts270371,2021,42,"['drama', 'thriller']",1,0.0,0
ts316651,2021,34,['documentation'],1,4.5,35
ts271059,2021,44,['scifi'],1,0.0,0
ts349265,2022,39,"['comedy', 'family', 'romance', 'drama']",1,6.3,291
ts363838,2022,52,[],1,0.0,0
ts320060,2021,32,"['reality', 'documentation']",1,6.4,5516
ts268989,2021,49,['action'],1,0.0,0
ts259462,2021,52,['drama'],1,6.3,3117
ts359810,2022,54,"['documentation', 'sport']",1,8.2,242
ts321053,2021,30,['drama'],1,0.0,0
ts352890,2022,35,"['documentation', 'music']",1,8.5,117
ts314386,2021,40,"['documentation', 'music']",1,6.6,56
ts314009,2021,51,"['family', 'documentation']",1,7.3,79
ts295392,2021,30,['comedy'],2,6.5,652
ts326139,2022,40,"['documentation', 'sport']",1,7.9,227
ts304888,2021,47,['documentation'],1,7.4,539
ts300446,2021,36,"['comedy', 'drama', 'romance', 'sport']",1,8.3,1360
ts278942,2021,28,['drama'],1,6.5,45
ts304299,2021,46,"['thriller', 'drama', 'crime', 'romance']",1,8.6,188
ts228756,2021,33,"['drama', 'thriller', 'crime']",1,4.6,60575
ts268277,2021,27,"['reality', 'comedy']",2,6.6,246
ts271057,2021,45,"['drama', 'war', 'history', 'romance']",1,8.2,358
ts317685,2021,32,['documentation'],1,7.9,79
ts304664,2021,24,['comedy'],1,5.6,244
ts321743,2022,27,['drama'],1,7.1,667
ts343649,2022,52,['documentation'],1,0.0,0
ts317083,2021,40,['documentation'],1,0.0,0
ts289350,2021,46,"['sport', 'documentation']",1,7.4,55
ts349839,2022,46,"['documentation', 'crime']",1,6.5,550
ts314872,2021,29,"['crime', 'drama', 'thriller']",1,0.0,0
ts305915,2021,25,[],1,6.3,0
ts287314,2021,45,"['drama', 'thriller', 'crime']",1,0.0,0
ts309923,2021,29,['documentation'],1,7.3,18
ts327681,2022,9,"['fantasy', 'reality']",1,0.0,0
ts305326,2021,30,"['documentation', 'drama', 'history']",1,8.1,29
ts260081,2021,110,"['documentation', 'history']",1,7.8,130
ts300411,2021,59,['documentation'],1,7.7,272
ts288033,2021,17,['comedy'],1,6.2,378
ts259179,2021,28,"['drama', 'comedy']",2,8.4,16
ts323395,2022,33,['sport'],1,6.3,27
ts256511,2021,39,"['scifi', 'drama', 'action']",1,0.0,0
ts353823,2022,44,"['drama', 'romance']",1,7.3,367
ts222581,2022,46,"['drama', 'romance', 'history', 'family', 'music']",1,7.9,748
ts272874,2021,45,"['drama', 'comedy', 'scifi']",1,0.0,0
ts302046,2021,46,['drama'],1,0.0,0
ts287819,2021,44,['drama'],1,0.0,0
ts298487,2022,48,"['documentation', 'sport']",1,7.6,282
ts106920,2021,44,"['crime', 'drama', 'thriller']",1,6.7,774
ts302481,2021,47,['drama'],1,0.0,0
ts283113,2021,44,['scifi'],1,0.0,0
ts296284,2021,36,['comedy'],1,0.0,0
ts372242,2022,53,"['documentation', 'crime']",1,6.5,334
ts314245,2022,46,"['thriller', 'drama']",1,0.0,0
ts314837,2021,72,"['drama', 'music']",1,8.1,95
ts357678,2021,49,"['comedy', 'drama']",2,6.3,1710
ts300307,2021,45,"['drama', 'history', 'romance']",1,7.9,124
ts369797,2022,47,"['comedy', 'crime', 'drama', 'thriller', 'scifi', 'fantasy', 'romance']",1,0.0,0
ts273173,2021,44,"['drama', 'comedy']",1,0.0,0
ts300122,2021,40,"['drama', 'action']",1,0.0,0
ts271391,2021,62,"['comedy', 'drama', 'music', 'romance']",1,7.4,784
ts273211,2021,46,['drama'],1,0.0,0
ts286667,2021,44,"['drama', 'comedy', 'history', 'romance']",1,6.8,5
ts296249,2021,43,"['drama', 'comedy', 'fantasy', 'romance']",1,8.2,177
ts321614,2021,5,"['animation', 'family']",1,4.4,41
ts299932,2021,43,['drama'],1,3.8,27
ts16653,2021,16,"['animation', 'comedy', 'family']",7,7.9,70
ts272251,2021,45,"['action', 'romance', 'thriller']",1,7.0,26
ts300503,2021,47,"['drama', 'comedy', 'romance']",1,8.8,56
ts314536,2022,34,['drama'],1,0.0,0
ts287818,2021,46,['drama'],1,0.0,0
ts317707,2021,50,['reality'],1,4.0,214
ts367982,2022,38,['comedy'],1,0.0,0
ts293969,2022,10,"['comedy', 'family', 'fantasy', 'scifi', 'animation', 'action']",2,8.2,12
ts304535,2021,34,"['drama', 'crime', 'fantasy', 'thriller']",1,7.2,6384
ts330482,2022,45,"['reality', 'comedy']",1,0.0,0
ts287547,2021,26,['comedy'],1,3.7,1008
ts349980,2022,41,['drama'],1,0.0,0
ts302433,2021,25,[],1,0.0,0
ts306348,2021,30,"['drama', 'action']",1,0.0,0
ts358192,2022,26,['drama'],1,8.5,1829
ts306474,2022,53,['reality'],1,6.3,63
ts367263,2022,45,['documentation'],1,6.7,13
ts353261,2022,48,"['documentation', 'comedy']",1,0.0,0
ts296185,2021,32,['reality'],1,0.0,0
ts282569,2021,14,"['comedy', 'drama']",2,7.2,27
ts305055,2021,5,['animation'],2,8.5,12
ts307803,2021,37,['scifi'],1,7.6,29
ts310345,2021,21,"['crime', 'drama']",1,0.0,0
ts367259,2022,13,"['animation', 'family']",1,8.5,40
ts300286,2021,35,['documentation'],1,0.0,0
ts300143,2021,45,['comedy'],1,0.0,0
ts286883,2021,47,"['drama', 'comedy', 'action', 'history', 'romance']",1,8.5,95
ts352580,2021,3,['animation'],1,0.0,0
ts304204,2021,2,[],1,0.0,0
ts233830,2021,23,"['comedy', 'family']",1,7.2,137
ts320425,2021,28,['comedy'],1,0.0,0
ts316881,2021,5,['animation'],1,0.0,0
ts313594,2021,30,['drama'],1,6.2,453
ts296176,2021,51,['documentation'],1,7.7,411
ts297208,2021,23,['animation'],1,8.1,58
ts344471,2021,25,['drama'],1,0.0,0
ts361251,2022,7,['animation'],1,0.0,0
ts309971,2021,1,[],1,0.0,0
ts118274,2021,6,['family'],4,9.2,6
ts69050,2021,40,"['drama', 'crime', 'thriller']",1,4.5,13
ts94109,2021,23,"['drama', 'comedy']",1,5.2,128
ts294465,2021,70,['drama'],1,8.3,355
ts318492,2021,4,['animation'],1,0.0,0
ts240949,2021,45,['drama'],1,0.0,0
ts358595,2022,53,['documentation'],1,7.3,42
ts298848,2021,60,['documentation'],1,0.0,0
ts239362,2021,24,['documentation'],2,7.5,15
ts328670,2022,55,[],1,0.0,0
ts324028,2021,8,"['family', 'horror']",2,6.9,28
ts290388,2021,30,"['comedy', 'animation']",1,0.0,0
ts356886,2022,39,['documentation'],1,7.0,35
ts362448,2022,23,['sport'],1,9.5,10
ts305280,2021,17,['family'],1,0.0,0
ts325103,2021,29,['comedy'],1,6.2,24
ts292268,2021,11,['family'],1,0.0,0
ts351328,2022,71,[],1,0.0,0
ts308308,2021,27,"['comedy', 'drama']",2,3.7,9
ts311059,2021,11,"['sport', 'animation']",2,0.0,0
ts295076,2021,22,['drama'],2,0.0,0
ts365617,2021,46,['drama'],1,0.0,0
ts295958,2021,17,[],1,0.0,0
ts178833,2021,76,['scifi'],1,6.4,22
ts275247,2021,24,"['comedy', 'drama']",1,9.2,6
ts289376,2021,20,"['comedy', 'fantasy']",1,8.2,12
ts201838,2023,32,"['comedy', 'drama', 'thriller']",1,6.6,5633
ts311396,2023,44,"['scifi', 'drama', 'fantasy', 'horror']",1,6.3,6565
ts93861,2023,49,"['drama', 'music']",1,8.1,2116
ts361538,2023,52,"['crime', 'drama']",1,7.2,3034
ts256935,2023,51,"['drama', 'scifi', 'thriller']",1,5.8,10212
ts306198,2023,56,"['drama', 'thriller', 'crime']",1,8.5,20649
ts379421,2023,60,[],1,0.0,0
ts364693,2023,63,['drama'],1,7.3,128
ts378186,2023,32,['drama'],1,4.3,28
ts312462,2023,39,"['drama', 'western', 'action']",1,6.7,384
ts283203,2023,51,['drama'],1,6.9,189
ts377963,2023,34,['comedy'],1,7.0,232
ts376700,2023,39,['reality'],1,4.6,17
ts300131,2023,36,"['action', 'drama']",1,0.0,0
ts372849,2023,97,['reality'],1,9.4,2536
ts378920,2023,44,"['drama', 'romance']",1,8.1,34
ts365330,2023,37,['documentation'],1,7.6,335
ts369924,2023,29,"['comedy', 'reality']",1,6.8,43
ts379654,2023,58,['reality'],1,0.0,0
ts363288,2023,165,"['drama', 'action']",1,7.6,10
ts381882,2023,32,['drama'],1,6.7,48
ts356296,2023,28,"['comedy', 'drama']",1,0.0,0
ts379207,2023,31,"['comedy', 'drama']",1,6.5,332
ts360904,2023,25,"['animation', 'family']",2,7.3,17
ts382337,2023,33,['documentation'],1,8.1,74
ts199693,2023,35,"['drama', 'romance']",1,0.0,0
