id,release_year,runtime,genres,seasons,imdb_score,imdb_votes,platform
ts20945,1934,19,"['comedy', 'family']",26,8.5,1149,amazon
ts37076,1950,30,['comedy'],21,8.6,1529,amazon
ts55748,1950,30,"['reality', 'family']",18,8.5,1658,amazon
ts224955,1935,20,[],1,0.0,0,amazon
ts3386,1961,51,"['scifi', 'action', 'crime', 'romance', 'thriller', 'comedy']",8,8.3,8195,amazon
ts42867,1968,28,"['family', 'fantasy', 'music']",31,8.7,9043,amazon
ts3948,1972,29,['comedy'],6,8.1,6171,amazon
ts22147,1965,25,"['scifi', 'comedy', 'family', 'fantasy']",5,7.4,16298,amazon
ts5480,1979,29,"['comedy', 'family']",7,7.1,3700,amazon
ts7329,1975,29,"['comedy', 'drama']",8,8.3,6525,amazon
ts938,1976,52,"['action', 'crime', 'drama']",5,6.5,13298,amazon
ts21048,1975,25,['comedy'],11,7.5,9865,amazon
ts30627,1970,22,"['comedy', 'animation', 'family', 'music']",1,6.2,2177,amazon
ts21049,1970,28,['comedy'],7,8.2,9326,amazon
ts14548,1966,24,"['drama', 'scifi', 'fantasy', 'horror', 'romance', 'thriller']",12,8.1,4981,amazon
ts22579,1965,50,"['scifi', 'comedy', 'family', 'fantasy']",3,5.4,8,amazon
ts21973,1964,59,"['drama', 'war']",3,8.1,1269,amazon
ts3638,1978,26,"['comedy', 'drama', 'family']",8,6.6,11738,amazon
ts21163,1979,60,"['action', 'drama', 'romance', 'crime']",5,6.6,8121,amazon
ts21132,1958,26,"['western', 'action']",3,8.0,2511,amazon
ts46032,1968,50,['documentation'],23,8.4,263,amazon
ts22096,1968,30,['comedy'],6,6.9,1668,amazon
ts21689,1974,60,['documentation'],50,8.7,2869,amazon
ts36428,1970,30,"['family', 'comedy', 'music']",4,6.5,4338,amazon
ts21930,1971,23,"['action', 'scifi', 'animation', 'comedy', 'crime']",6,7.9,2252,amazon
ts21125,1975,55,"['drama', 'action', 'crime']",4,7.0,9706,amazon
ts20459,1972,30,['comedy'],6,7.9,9945,amazon
ts212799,1958,26,['action'],1,7.1,130,amazon
ts238,1976,52,['drama'],2,8.3,1449,amazon
ts21412,1960,51,['drama'],4,7.7,1800,amazon
ts36323,1976,53,['comedy'],1,7.7,18,amazon
ts20690,1962,30,['comedy'],6,7.2,2941,amazon
ts13300,1953,30,"['comedy', 'family']",11,7.1,1147,amazon
ts28251,1956,9,"['animation', 'fantasy', 'comedy', 'family']",2,7.0,1537,amazon
ts15301,1978,63,"['drama', 'history']",1,7.7,241,amazon
ts950,1952,27,['action'],1,7.1,119,amazon
ts6953,1958,30,"['comedy', 'family']",8,7.4,1732,amazon
ts34453,1980,33,['comedy'],2,6.7,367,amazon
ts5220,1952,30,"['comedy', 'family', 'drama']",14,7.4,1449,amazon
ts70446,1978,25,"['scifi', 'action']",1,7.3,189,amazon
ts13111,1965,60,"['western', 'drama']",4,7.6,3148,amazon
ts22764,1960,30,"['western', 'drama', 'action']",1,8.1,246,amazon
ts17223,1980,57,['documentation'],2,9.1,301,amazon
ts21141,1958,28,"['action', 'western']",1,7.9,413,amazon
ts17884,1980,28,['family'],1,7.4,108,amazon
ts3622,1967,30,"['scifi', 'fantasy', 'comedy']",3,6.4,2592,amazon
ts131586,1980,24,"['action', 'drama', 'sport', 'animation']",1,8.9,598,amazon
ts3277,1956,55,"['documentation', 'war']",1,7.6,39,amazon
ts184102,1972,45,"['drama', 'war']",1,4.9,140,amazon
ts132526,1954,14,['documentation'],1,8.1,141,amazon
ts20030,1982,30,"['comedy', 'drama']",8,7.8,7160,amazon
ts20031,1982,54,"['drama', 'comedy', 'thriller', 'action', 'crime', 'romance', 'documentation']",5,7.2,9123,amazon
ts21396,1990,21,"['comedy', 'family', 'european']",3,8.6,123198,amazon
ts5914,1981,58,"['action', 'comedy']",5,7.0,8066,amazon
ts20473,1981,49,"['drama', 'crime']",7,8.2,9540,amazon
ts88551,1989,28,[],1,0.0,0,amazon
ts41693,1989,24,['comedy'],5,8.4,10694,amazon
ts20392,1986,23,"['action', 'comedy', 'family', 'fantasy', 'scifi', 'animation']",7,7.6,10301,amazon
ts24751,1983,23,"['action', 'scifi', 'animation', 'family']",3,7.2,765,amazon
ts39067,1983,28,['family'],21,8.4,4839,amazon
ts242,1989,46,"['action', 'crime', 'drama', 'romance']",11,5.3,27179,amazon
ts21715,1984,10,"['animation', 'family', 'fantasy', 'music', 'drama', 'comedy', 'action', 'war']",24,6.5,5528,amazon
ts17762,1989,24,"['animation', 'fantasy', 'drama', 'comedy', 'family']",6,6.6,5,amazon
ts19875,1986,30,['comedy'],8,7.2,6349,amazon
ts6722,1990,23,"['drama', 'comedy', 'family']",5,6.1,8676,amazon
ts28459,1987,43,"['drama', 'war']",1,7.7,561,amazon
ts24149,1990,54,"['drama', 'war', 'comedy', 'action', 'crime', 'european']",3,8.5,14634,amazon
ts2760,1987,10,"['comedy', 'animation', 'family', 'crime', 'european']",13,6.1,1875,amazon
ts22821,1986,8,"['animation', 'comedy', 'family', 'european']",6,7.4,6678,amazon
ts18877,1984,29,"['war', 'comedy', 'history']",9,8.4,25898,amazon
ts9142,1987,22,"['drama', 'romance']",35,3.4,7943,amazon
ts28558,1985,99,"['drama', 'war', 'history']",1,7.0,578,amazon
ts968,1990,22,"['animation', 'comedy', 'family', 'drama']",7,7.2,4666,amazon
ts7296,1985,24,['comedy'],5,6.7,3645,amazon
ts88912,1984,26,[],1,6.8,63,amazon
ts29459,1987,44,['documentation'],53,7.8,382,amazon
ts24463,1990,24,['scifi'],3,0.0,0,amazon
ts28758,1987,23,"['animation', 'comedy', 'family', 'fantasy']",1,6.8,462,amazon
ts672,1986,22,"['drama', 'thriller', 'crime']",1,8.7,278,amazon
ts19439,1989,24,['comedy'],6,7.8,991,amazon
ts28560,1985,24,"['action', 'scifi', 'animation']",1,8.3,193,amazon
ts23297,1989,28,"['comedy', 'drama']",1,7.0,81,amazon
ts1000,1986,29,"['scifi', 'fantasy']",1,7.2,82,amazon
ts22176,1997,44,"['scifi', 'action', 'drama']",10,8.4,90196,amazon
ts21223,1997,22,"['scifi', 'action', 'animation', 'comedy', 'fantasy', 'family']",25,7.4,224,amazon
ts20951,1999,19,"['comedy', 'scifi', 'animation', 'family', 'fantasy']",13,8.2,101891,amazon
ts22442,1995,23,"['comedy', 'romance']",5,8.0,16293,amazon
ts28055,1992,58,"['comedy', 'drama', 'romance', 'crime', 'family', 'documentation']",4,7.8,4742,amazon
ts21024,1996,44,"['drama', 'scifi', 'thriller', 'crime', 'comedy']",4,7.5,16237,amazon
ts30735,1993,46,"['drama', 'thriller', 'crime']",12,7.7,14733,amazon
ts21321,1992,32,"['reality', 'comedy', 'animation', 'documentation', 'drama']",33,6.3,28,amazon
ts9583,1998,44,"['drama', 'romance']",6,6.8,42388,amazon
ts20700,1992,23,"['comedy', 'romance']",10,6.7,24071,amazon
ts22121,1998,22,"['comedy', 'romance']",11,7.3,57164,amazon
ts10069,1999,24,"['animation', 'fantasy', 'horror', 'scifi', 'comedy', 'family']",1,7.3,734,amazon
ts29358,2000,24,"['animation', 'comedy', 'scifi', 'horror', 'thriller']",1,8.0,2261,amazon
ts11981,1998,44,"['drama', 'romance']",4,6.9,12189,amazon
ts9612,1997,44,"['drama', 'comedy', 'romance', 'fantasy', 'music']",5,6.9,34498,amazon
ts21034,2000,25,"['animation', 'action', 'comedy', 'drama', 'fantasy', 'romance', 'scifi']",9,7.9,16790,amazon
ts30927,1993,22,"['scifi', 'animation', 'comedy', 'fantasy', 'horror']",3,7.5,1402,amazon
ts37874,1994,44,"['western', 'drama']",4,7.3,895,amazon
ts6602,1997,29,"['comedy', 'romance']",5,6.4,30052,amazon
ts26133,1994,43,"['scifi', 'action', 'comedy', 'thriller', 'crime', 'fantasy']",1,5.5,2632,amazon
ts21558,2000,22,"['scifi', 'action', 'comedy', 'animation', 'family', 'fantasy']",5,7.4,20229,amazon
ts12767,1996,25,"['animation', 'comedy', 'family']",7,6.9,6187,amazon
ts3534,1995,23,"['comedy', 'family', 'animation']",3,5.6,873,amazon
ts25550,1994,20,"['comedy', 'drama']",4,5.8,1853,amazon
ts7221,1996,21,"['fantasy', 'animation', 'comedy', 'drama', 'family', 'music', 'scifi']",25,7.4,14717,amazon
ts21737,1997,45,"['drama', 'crime', 'romance', 'thriller']",8,7.7,9638,amazon
ts18498,1992,46,"['scifi', 'crime', 'drama', 'fantasy', 'horror']",3,7.6,2852,amazon
ts35810,2000,27,['documentation'],11,8.5,15,amazon
ts21704,1994,44,"['drama', 'crime']",4,7.9,2708,amazon
ts10993,1991,30,"['comedy', 'european']",3,8.3,13470,amazon
ts6190,1999,18,"['animation', 'family', 'comedy']",6,7.5,38710,amazon
ts15069,1998,50,"['documentation', 'crime', 'drama', 'history', 'thriller']",7,8.0,1216,amazon
ts22137,1998,34,['comedy'],4,8.2,8340,amazon
ts6589,1996,16,"['comedy', 'scifi', 'animation', 'family', 'fantasy']",4,7.9,47163,amazon
ts11119,1992,25,['family'],7,7.1,1665,amazon
ts13984,2000,26,"['action', 'family', 'animation', 'comedy', 'fantasy']",8,4.2,6941,amazon
ts11118,2000,23,"['animation', 'family', 'comedy', 'music']",3,5.3,171,amazon
ts14867,1995,82,['drama'],1,6.7,181,amazon
ts68960,1999,0,['drama'],1,7.2,119,amazon
ts22282,1999,36,"['drama', 'european']",2,8.2,7232,amazon
ts9770,1991,23,"['action', 'family', 'animation', 'comedy', 'scifi', 'crime', 'european']",7,8.3,18468,amazon
ts21705,1994,48,"['documentation', 'thriller', 'history', 'european']",21,8.5,1614,amazon
ts35314,1999,30,['comedy'],2,8.4,585,amazon
ts31816,1997,62,"['drama', 'comedy', 'romance']",1,7.7,836,amazon
ts35382,1997,85,"['action', 'drama', 'romance', 'european']",1,7.3,1142,amazon
ts25096,1998,45,"['drama', 'family']",2,7.6,368,amazon
ts25996,1994,24,"['drama', 'comedy', 'scifi', 'action', 'fantasy', 'romance', 'animation']",2,7.7,889,amazon
ts18424,1998,23,"['animation', 'comedy', 'drama', 'family', 'fantasy']",10,3.9,3394,amazon
ts31327,1997,19,"['family', 'fantasy', 'european']",15,3.8,8147,amazon
ts31058,1999,26,"['comedy', 'family', 'animation']",2,7.5,3096,amazon
ts18398,1992,36,['comedy'],8,7.9,576,amazon
ts27611,1996,21,['documentation'],8,6.0,26,amazon
ts7242,1993,26,"['scifi', 'comedy', 'animation', 'fantasy']",1,7.2,475,amazon
ts22130,1998,21,"['animation', 'comedy', 'family', 'fantasy', 'scifi']",6,6.3,3012,amazon
ts38808,2000,26,"['animation', 'fantasy']",2,7.5,99,amazon
ts27238,1996,26,"['animation', 'family']",2,6.7,186,amazon
ts8570,1992,29,"['comedy', 'family']",14,3.9,7883,amazon
ts6856,1999,25,"['scifi', 'animation', 'fantasy', 'drama', 'comedy', 'family']",3,6.3,4227,amazon
ts20375,1999,21,"['action', 'scifi', 'animation', 'comedy', 'drama', 'fantasy', 'thriller']",3,7.0,1458,amazon
ts17893,1992,8,"['comedy', 'family', 'fantasy', 'animation']",6,5.5,2946,amazon
ts39642,1994,92,"['war', 'drama', 'history']",1,6.6,547,amazon
ts67359,1995,89,['drama'],1,0.0,0,amazon
ts71025,1994,48,"['comedy', 'drama']",2,8.2,104,amazon
ts27730,1996,27,['family'],1,8.2,261,amazon
ts31733,1999,25,"['drama', 'animation', 'comedy', 'action', 'romance']",1,8.4,3804,amazon
ts44314,1998,10,"['animation', 'comedy']",2,7.9,365,amazon
ts39831,1991,24,"['animation', 'family', 'fantasy']",6,7.0,1746,amazon
ts5076,2000,47,"['action', 'family']",1,6.6,241,amazon
ts28352,2000,20,"['animation', 'comedy', 'family']",2,6.6,501,amazon
ts9008,1998,50,['drama'],2,7.0,156,amazon
ts27243,1996,25,"['animation', 'family', 'comedy']",4,7.1,470,amazon
ts31384,1997,33,['reality'],12,7.5,163,amazon
ts30640,1993,26,"['comedy', 'family', 'sport', 'animation']",5,6.9,190,amazon
ts36219,1997,22,"['documentation', 'family']",1,6.7,16,amazon
ts208323,1992,53,['documentation'],1,8.4,148,amazon
ts1470,2000,24,['documentation'],5,8.0,87,amazon
ts20552,2009,28,"['comedy', 'drama']",3,8.2,33536,amazon
ts22280,2004,44,['drama'],8,8.7,472899,amazon
ts21182,2006,44,"['drama', 'comedy', 'crime']",8,8.4,99923,amazon
ts11,2010,58,"['drama', 'romance', 'history', 'european']",6,8.7,210934,amazon
ts6457,2007,43,"['comedy', 'drama', 'action']",5,8.2,134647,amazon
ts20604,2006,43,"['drama', 'sport']",5,8.7,68182,amazon
ts20307,2002,43,"['crime', 'drama', 'comedy']",8,8.0,77443,amazon
ts11313,2006,24,"['animation', 'drama', 'fantasy', 'thriller', 'crime']",1,9.0,334730,amazon
ts22455,2004,44,"['action', 'drama', 'scifi']",5,8.1,68289,amazon
ts10891,2006,46,"['scifi', 'drama', 'comedy', 'romance']",5,7.9,55214,amazon
ts22295,2007,23,"['comedy', 'drama', 'romance', 'thriller']",7,9.2,6,amazon
ts20305,2002,23,"['action', 'scifi', 'comedy', 'animation', 'fantasy', 'thriller']",6,8.4,107461,amazon
ts35960,2004,23,"['animation', 'action', 'comedy', 'drama', 'romance']",1,6.8,1281,amazon
ts22265,2004,6,"['family', 'animation', 'comedy']",7,6.3,5556,amazon
ts8226,2010,28,['comedy'],4,7.1,1570,amazon
ts22486,2010,47,['reality'],13,7.2,5084,amazon
ts21197,2008,44,"['drama', 'fantasy', 'scifi', 'action', 'european']",5,7.9,83612,amazon
ts10913,2004,58,"['drama', 'comedy', 'crime']",5,8.5,47510,amazon
ts20588,2009,44,"['drama', 'scifi', 'action']",2,7.6,51430,amazon
ts21969,2001,22,"['scifi', 'comedy', 'drama', 'family', 'horror', 'animation', 'action']",2,8.4,21790,amazon
ts31938,2004,24,"['thriller', 'action', 'scifi', 'comedy', 'fantasy', 'horror', 'european']",1,8.5,19062,amazon
ts21776,2003,23,"['action', 'animation', 'comedy', 'family', 'fantasy', 'scifi', 'thriller']",5,7.9,34016,amazon
ts31200,2001,108,"['documentation', 'history', 'music', 'european']",1,8.6,2356,amazon
ts15638,2004,26,"['scifi', 'drama', 'romance', 'horror', 'comedy', 'action', 'animation', 'thriller']",2,7.9,34376,amazon
ts15877,2009,72,"['reality', 'sport', 'action', 'animation']",14,8.0,124,amazon
ts285824,2005,53,"['reality', 'documentation']",8,5.3,1836,amazon
ts68641,2005,46,"['documentation', 'reality']",6,7.2,104,amazon
ts26612,2005,29,"['drama', 'comedy', 'family', 'music', 'romance']",3,6.3,1000,amazon
ts31616,2004,47,"['documentation', 'drama', 'horror']",1,7.2,35,amazon
ts75800,2001,12,"['animation', 'comedy', 'family']",3,7.6,691,amazon
ts63639,2002,48,['documentation'],1,0.0,0,amazon
ts21623,2001,47,"['drama', 'comedy', 'european']",4,7.8,3685,amazon
ts30211,2010,30,"['family', 'drama']",1,7.6,325,amazon
ts13620,2001,22,"['comedy', 'romance']",8,6.5,36946,amazon
ts29527,2010,20,"['animation', 'family', 'european']",3,4.5,152,amazon
ts32186,2003,21,"['action', 'family', 'animation', 'comedy', 'fantasy', 'scifi', 'drama', 'thriller']",3,6.2,5003,amazon
ts22301,2007,46,"['scifi', 'drama', 'fantasy', 'crime']",3,7.6,5311,amazon
ts11540,2008,4,['comedy'],1,8.4,8987,amazon
ts30470,2010,22,"['comedy', 'horror']",1,7.3,1562,amazon
ts22318,2004,23,"['scifi', 'action', 'comedy', 'family', 'fantasy', 'animation', 'thriller', 'european']",8,6.2,6700,amazon
ts20867,2002,44,"['drama', 'thriller', 'crime']",3,7.4,2456,amazon
ts8639,2001,47,"['reality', 'thriller', 'action']",7,5.6,6928,amazon
ts7461,2009,44,"['reality', 'romance']",2,3.3,391,amazon
ts25510,2005,47,"['action', 'documentation', 'drama', 'history']",6,8.3,18,amazon
ts30508,2010,51,"['drama', 'thriller']",2,8.3,2506,amazon
ts22224,2001,44,"['drama', 'western', 'romance']",8,7.3,6252,amazon
ts33627,2007,48,"['drama', 'thriller']",1,6.9,1234,amazon
ts30378,2010,45,"['drama', 'comedy', 'history']",3,7.9,1430,amazon
ts82184,2002,1,"['comedy', 'family', 'animation', 'european']",1,7.6,3084,amazon
ts20553,2008,45,"['drama', 'crime', 'history', 'action', 'sport', 'comedy']",6,8.1,5000,amazon
ts33559,2007,7,"['comedy', 'animation', 'family', 'european']",6,8.1,42,amazon
ts21434,2010,55,"['drama', 'comedy']",5,8.5,8159,amazon
ts12699,2010,57,"['drama', 'action', 'thriller', 'scifi']",1,5.7,1427,amazon
ts15414,2010,25,"['comedy', 'drama', 'family', 'music', 'romance']",3,8.0,4847,amazon
ts24346,2009,59,"['documentation', 'history']",1,8.7,673,amazon
ts23575,2009,90,['documentation'],1,0.0,0,amazon
ts16487,2004,56,"['reality', 'documentation']",1,7.4,229,amazon
ts16264,2006,44,['documentation'],3,8.4,982,amazon
ts30266,2010,46,['reality'],1,7.4,32,amazon
ts21688,2009,64,"['comedy', 'drama', 'romance']",1,7.8,12768,amazon
ts26322,2008,30,"['animation', 'romance', 'comedy', 'drama']",2,8.0,16549,amazon
ts23955,2002,22,"['scifi', 'comedy', 'family', 'fantasy']",4,8.0,1405,amazon
ts23944,2002,23,"['scifi', 'animation', 'comedy']",4,6.5,83,amazon
ts35211,2008,45,"['action', 'comedy']",2,8.5,716,amazon
ts21615,2001,22,"['drama', 'action', 'family', 'scifi', 'animation', 'comedy', 'european']",6,7.1,11097,amazon
ts70909,2008,44,['reality'],1,5.1,54,amazon
ts20575,2006,45,"['drama', 'action', 'crime']",2,8.2,2164,amazon
ts18979,2009,44,"['romance', 'reality']",1,4.5,529,amazon
ts35004,2001,56,[],1,0.0,0,amazon
ts52849,2006,13,"['animation', 'comedy', 'family', 'fantasy', 'music', 'european']",5,6.4,1051,amazon
ts23620,2009,45,"['drama', 'crime', 'thriller', 'european']",4,7.8,13673,amazon
ts21533,2010,38,"['reality', 'action', 'european']",29,2.9,15,amazon
ts28522,2006,30,"['scifi', 'comedy']",2,6.7,2289,amazon
ts37799,2006,40,"['reality', 'european']",17,7.4,410,amazon
ts17018,2001,21,"['drama', 'animation', 'comedy', 'family', 'romance']",4,6.4,3399,amazon
ts16284,2008,46,"['drama', 'action', 'crime', 'family', 'documentation', 'comedy']",3,7.1,904,amazon
ts84399,2010,43,['comedy'],2,7.4,288,amazon
ts57359,2008,107,"['drama', 'war', 'european']",1,7.4,284,amazon
ts18257,2006,45,"['reality', 'romance']",3,4.6,2244,amazon
ts1096,2005,23,"['animation', 'scifi', 'romance', 'action', 'comedy', 'drama', 'family', 'fantasy']",2,7.1,548,amazon
ts34311,2007,24,"['action', 'drama', 'horror', 'scifi', 'thriller']",1,7.1,87,amazon
ts45581,2009,22,"['comedy', 'family']",2,5.3,385,amazon
ts20870,2002,44,"['drama', 'action', 'scifi']",2,7.0,4489,amazon
ts26678,2008,36,['drama'],3,8.2,417,amazon
ts21664,2001,20,['comedy'],5,7.1,2401,amazon
ts12965,2001,22,"['comedy', 'drama', 'family']",5,7.1,8072,amazon
ts22051,2007,51,"['drama', 'romance', 'comedy']",6,6.8,27198,amazon
ts23273,2002,58,"['drama', 'crime']",3,7.6,786,amazon
ts30466,2010,25,['reality'],2,4.4,35,amazon
ts20593,2006,24,"['comedy', 'action', 'romance', 'animation']",2,8.1,2236,amazon
ts21706,2006,25,"['drama', 'scifi', 'family', 'fantasy']",3,7.2,16221,amazon
ts6825,2010,26,"['drama', 'romance']",5,7.2,2520,amazon
ts21742,2003,24,"['animation', 'music', 'family', 'comedy']",2,5.1,420,amazon
ts30320,2010,46,['reality'],1,3.9,41,amazon
ts21210,2009,22,"['comedy', 'animation']",2,4.3,1102,amazon
ts27459,2008,45,"['action', 'drama']",1,7.0,1422,amazon
ts45318,2009,52,"['crime', 'european']",2,6.6,204,amazon
ts32321,2007,52,"['drama', 'crime']",2,6.8,378,amazon
ts20535,2009,18,"['animation', 'comedy', 'family', 'european']",5,5.4,2791,amazon
ts1401,2003,11,"['animation', 'comedy']",1,7.6,843,amazon
ts26320,2008,41,['reality'],3,6.3,84,amazon
ts21196,2006,23,"['scifi', 'family', 'horror', 'animation', 'comedy']",2,7.7,1208,amazon
ts55642,2010,47,"['documentation', 'history', 'european']",1,7.6,340,amazon
ts21994,2007,29,"['action', 'romance', 'horror', 'scifi', 'thriller', 'comedy', 'crime', 'family']",7,6.2,1273,amazon
ts24531,2002,24,"['drama', 'comedy', 'romance', 'animation', 'family', 'fantasy']",2,8.1,1073,amazon
ts8805,2009,21,"['animation', 'family']",7,6.5,1350,amazon
ts30401,2010,21,['reality'],1,5.5,26,amazon
ts19187,2008,9,"['animation', 'comedy', 'family']",4,8.2,64,amazon
ts43866,2009,53,"['documentation', 'crime', 'comedy', 'drama', 'horror']",1,7.4,28,amazon
ts28500,2006,13,"['comedy', 'animation', 'scifi', 'romance', 'action', 'family']",5,6.7,4566,amazon
ts1763,2010,59,"['reality', 'documentation']",1,8.8,521,amazon
ts35948,2003,39,"['reality', 'documentation', 'european']",22,8.2,3316,amazon
ts4091,2002,25,"['comedy', 'family', 'scifi', 'animation']",12,6.9,2696,amazon
ts21183,2008,27,"['animation', 'family', 'comedy']",4,5.4,731,amazon
ts22233,2010,25,"['comedy', 'family']",3,8.0,88,amazon
ts6618,2009,27,['comedy'],4,4.8,49,amazon
ts21445,2005,26,"['comedy', 'family', 'scifi', 'animation']",2,4.8,210,amazon
ts26428,2008,24,"['scifi', 'action', 'fantasy', 'animation']",5,6.9,1785,amazon
ts31759,2001,25,['family'],3,6.1,1074,amazon
ts12930,2009,22,"['animation', 'family', 'fantasy', 'thriller', 'action']",5,6.4,1963,amazon
ts52141,2010,46,['reality'],1,7.6,21,amazon
ts32764,2007,29,"['animation', 'family']",3,6.7,459,amazon
ts17022,2007,24,"['animation', 'family']",2,6.4,154,amazon
ts13841,2005,46,"['comedy', 'family', 'reality', 'european']",6,5.0,4101,amazon
ts25762,2008,59,"['comedy', 'drama', 'scifi', 'crime']",1,7.1,233,amazon
ts250942,2010,12,[],1,0.0,0,amazon
ts79596,2003,73,[],1,0.0,0,amazon
ts78263,2004,73,"['drama', 'thriller', 'romance']",1,7.0,652,amazon
ts70119,2008,46,"['documentation', 'crime']",5,7.9,68,amazon
ts22345,2007,20,"['animation', 'scifi', 'action', 'comedy', 'family']",9,7.1,1312,amazon
ts34907,2003,24,"['comedy', 'animation', 'family', 'fantasy']",5,6.9,685,amazon
ts22217,2010,25,"['animation', 'family', 'comedy']",7,4.3,1828,amazon
ts56589,2010,11,"['animation', 'comedy', 'family']",6,5.3,165,amazon
ts5454,2005,24,"['animation', 'family']",4,6.3,394,amazon
ts43315,2004,15,"['animation', 'family']",2,7.5,74,amazon
ts20470,2008,22,"['action', 'comedy', 'scifi', 'fantasy', 'thriller', 'family', 'animation']",3,6.1,3554,amazon
ts15754,2004,45,"['drama', 'thriller', 'crime', 'history']",5,8.0,82,amazon
ts44876,2010,55,['documentation'],1,8.2,46,amazon
ts23319,2009,14,"['animation', 'comedy', 'family', 'fantasy', 'european']",3,6.8,1176,amazon
ts29084,2006,56,['drama'],2,0.0,0,amazon
ts20565,2008,25,"['comedy', 'drama', 'family']",3,5.9,3295,amazon
ts31593,2003,10,"['family', 'animation', 'action', 'scifi', 'comedy', 'fantasy']",7,6.4,104,amazon
ts30146,2010,62,"['comedy', 'romance']",1,7.1,3764,amazon
ts11630,2003,27,"['animation', 'family', 'comedy']",2,6.6,344,amazon
ts13494,2009,29,['documentation'],1,7.2,23,amazon
ts29171,2006,22,"['animation', 'comedy', 'family']",3,5.8,408,amazon
ts23689,2009,59,['documentation'],1,8.0,81,amazon
ts16544,2009,25,['family'],4,7.6,103,amazon
ts52515,2003,25,"['thriller', 'animation', 'horror']",1,7.1,270,amazon
ts1740,2001,15,"['action', 'animation', 'family', 'european']",3,5.6,484,amazon
ts63476,2008,28,['reality'],14,5.8,66,amazon
ts2943,2006,29,"['animation', 'family']",1,5.7,60,amazon
ts26043,2008,25,"['animation', 'drama', 'comedy', 'romance']",1,7.3,1666,amazon
ts13113,2009,15,"['family', 'european']",4,8.0,64,amazon
ts20508,2009,22,"['reality', 'comedy']",7,7.6,2819,amazon
ts26038,2008,13,"['animation', 'family']",3,6.8,105,amazon
ts23357,2009,53,"['documentation', 'reality']",2,6.8,41,amazon
ts21497,2010,43,['documentation'],1,6.8,32,amazon
ts37737,2001,24,"['scifi', 'action', 'animation', 'comedy', 'family']",3,6.7,2383,amazon
ts52082,2004,90,"['reality', 'music']",1,6.4,5,amazon
ts47142,2003,23,"['action', 'scifi', 'animation', 'comedy', 'fantasy']",1,6.9,1728,amazon
ts42557,2005,23,"['comedy', 'drama', 'romance', 'animation']",3,7.8,1300,amazon
ts76526,2009,22,"['animation', 'family', 'sport']",7,7.4,374,amazon
ts28813,2006,47,"['drama', 'comedy']",2,8.0,1074,amazon
ts25707,2008,44,['drama'],1,0.0,0,amazon
ts34890,2006,23,"['scifi', 'animation', 'family', 'fantasy']",1,7.3,852,amazon
ts68313,2007,19,"['family', 'european']",4,6.8,25,amazon
ts11110,2006,24,"['scifi', 'animation', 'action']",2,7.3,172,amazon
ts24545,2002,22,['reality'],12,6.1,134,amazon
ts44797,2010,7,['animation'],4,8.5,7,amazon
ts10058,2010,22,"['action', 'animation', 'family', 'documentation']",1,6.0,47,amazon
ts32309,2007,22,"['family', 'animation', 'scifi']",1,7.5,105,amazon
ts26203,2008,23,"['animation', 'comedy']",1,0.0,0,amazon
ts75255,2010,11,"['family', 'animation']",4,7.1,59,amazon
ts44381,2010,40,"['drama', 'comedy', 'romance']",3,5.3,367,amazon
ts41545,2008,45,[],1,0.0,0,amazon
ts32636,2003,10,"['animation', 'family', 'european']",4,6.7,257,amazon
ts246865,2001,29,"['comedy', 'family']",1,7.3,15,amazon
ts328378,2003,10,[],2,0.0,0,amazon
ts68436,2007,16,"['animation', 'comedy', 'family']",2,7.2,86,amazon
ts152168,2010,25,"['family', 'action', 'animation']",3,8.8,17,amazon
ts43355,2009,13,"['animation', 'comedy', 'family', 'european']",1,8.5,56,amazon
ts38969,2005,24,"['animation', 'comedy']",2,8.2,39,amazon
ts17364,2006,22,"['scifi', 'family', 'fantasy', 'animation']",3,6.5,626,amazon
ts14891,2009,25,['drama'],1,6.8,36,amazon
ts31569,2003,22,['documentation'],3,8.3,18,amazon
ts74519,2008,52,['documentation'],1,0.0,0,amazon
ts28902,2006,48,['documentation'],3,7.7,126,amazon
ts10441,2006,11,"['animation', 'fantasy']",3,5.0,111,amazon
ts56271,2004,24,['documentation'],1,0.0,0,amazon
ts33704,2007,59,"['documentation', 'reality']",1,8.5,81,amazon
ts75595,2005,16,['comedy'],1,0.0,0,amazon
ts25829,2008,47,['documentation'],3,8.6,55,amazon
ts9374,2009,45,"['documentation', 'war']",1,8.4,29,amazon
ts45140,2010,27,"['reality', 'family', 'animation']",5,7.9,27,amazon
ts74184,2003,25,"['comedy', 'fantasy', 'animation']",1,6.6,142,amazon
ts39192,2010,13,['animation'],1,7.5,14,amazon
ts29519,2010,22,['reality'],5,0.0,0,amazon
ts176695,2009,49,['documentation'],2,7.4,14,amazon
ts187948,2001,46,[],1,7.4,21,amazon
ts147420,2006,28,[],3,0.0,0,amazon
ts155102,2006,55,"['documentation', 'history']",1,7.7,7,amazon
ts98222,2006,26,[],1,0.0,0,amazon
ts297213,2009,44,['documentation'],1,7.2,61,amazon
ts182912,2005,27,"['documentation', 'history']",1,7.8,12,amazon
ts127021,2008,11,['documentation'],2,0.0,0,amazon
ts154268,2007,27,"['animation', 'family']",1,2.8,7,amazon
ts98392,2005,79,['history'],1,8.0,12,amazon
ts22277,2011,44,"['drama', 'comedy']",9,8.5,418693,amazon
ts5746,2011,45,"['scifi', 'drama', 'thriller', 'crime', 'horror']",11,8.0,304893,amazon
ts20518,2011,42,"['scifi', 'drama', 'action', 'fantasy', 'romance', 'thriller', 'comedy']",6,7.7,153629,amazon
ts20606,2011,47,"['scifi', 'reality', 'crime', 'drama', 'fantasy', 'horror']",6,7.9,122792,amazon
ts20672,2011,22,['comedy'],7,8.1,53384,amazon
ts32835,2011,23,"['action', 'drama', 'animation', 'comedy', 'fantasy']",1,9.0,106715,amazon
ts14643,2012,41,"['reality', 'romance']",9,7.1,8582,amazon
ts2405,2012,19,"['animation', 'family', 'fantasy', 'comedy', 'music']",6,7.5,1272,amazon
ts21503,2012,22,['comedy'],6,7.5,33349,amazon
ts27862,2012,43,"['reality', 'scifi', 'thriller']",1,5.9,212,amazon
ts2767,2012,48,"['drama', 'action', 'crime', 'thriller']",1,7.0,5701,amazon
ts27936,2012,21,['comedy'],8,2.8,16,amazon
ts34845,2012,61,"['drama', 'european']",2,7.7,12033,amazon
ts20433,2012,24,"['animation', 'action', 'thriller', 'comedy', 'drama', 'fantasy', 'horror']",5,8.5,26839,amazon
ts20388,2012,27,"['scifi', 'action', 'animation', 'war', 'western', 'crime', 'thriller']",4,8.2,18061,amazon
ts10673,2011,44,"['drama', 'scifi', 'fantasy', 'horror']",4,7.5,26055,amazon
ts34294,2011,44,"['comedy', 'drama', 'european']",7,7.4,953,amazon
ts20389,2012,45,"['action', 'scifi', 'drama']",1,6.5,4700,amazon
ts20458,2012,18,"['action', 'comedy', 'family', 'fantasy', 'scifi', 'animation', 'european']",16,7.4,5649,amazon
ts10427,2012,46,['drama'],3,6.8,1107,amazon
ts11961,2011,40,"['drama', 'comedy', 'reality', 'european']",4,7.8,18481,amazon
ts7293,2011,47,['documentation'],30,8.1,457,amazon
ts32847,2011,23,['sport'],1,6.6,24,amazon
ts33741,2011,22,['comedy'],2,7.6,1405,amazon
ts27880,2012,31,"['comedy', 'european']",3,7.5,2578,amazon
ts26916,2012,34,['documentation'],1,7.2,172,amazon
ts20437,2012,52,"['drama', 'crime']",2,7.6,12915,amazon
ts11600,2011,59,"['scifi', 'drama', 'horror', 'fantasy', 'european']",1,7.6,6776,amazon
ts42942,2011,47,"['documentation', 'history', 'war', 'european']",2,7.1,82,amazon
ts18215,2011,23,"['documentation', 'crime']",4,7.5,79,amazon
ts165461,2012,40,['comedy'],1,6.6,22,amazon
ts21938,2011,26,"['animation', 'comedy', 'family']",6,7.7,1816,amazon
ts22316,2012,44,"['drama', 'thriller', 'european']",1,7.5,2632,amazon
ts1086,2011,51,['documentation'],10,8.6,625,amazon
ts39111,2012,24,"['scifi', 'horror', 'thriller', 'drama', 'family', 'fantasy']",1,6.5,274,amazon
ts26927,2012,44,"['action', 'scifi', 'comedy', 'reality', 'fantasy', 'european']",2,8.2,31,amazon
ts32443,2011,46,"['war', 'documentation', 'history']",3,7.5,189,amazon
ts20608,2011,42,['reality'],10,4.4,213,amazon
ts21102,2012,24,['documentation'],4,7.5,838,amazon
ts26792,2012,55,"['crime', 'drama', 'european']",1,7.2,2666,amazon
ts20444,2012,53,['documentation'],3,8.5,265,amazon
ts20621,2011,56,['comedy'],19,6.1,1247,amazon
ts33546,2011,19,"['animation', 'comedy', 'family', 'thriller']",4,4.2,509,amazon
ts10585,2012,23,"['action', 'comedy', 'animation']",1,6.4,408,amazon
ts19623,2011,24,"['animation', 'family', 'comedy', 'fantasy', 'music']",6,6.3,1714,amazon
ts33135,2011,2,"['animation', 'comedy', 'family']",12,6.8,81,amazon
ts35428,2012,58,"['drama', 'horror', 'european']",1,6.8,3244,amazon
ts28059,2012,41,"['reality', 'family']",11,5.6,875,amazon
ts7273,2012,22,"['animation', 'family', 'fantasy', 'music']",6,6.6,2551,amazon
ts53581,2011,26,"['family', 'fantasy', 'animation']",5,6.5,309,amazon
ts33254,2011,47,"['drama', 'crime', 'thriller']",1,7.3,1972,amazon
ts173081,2011,80,['documentation'],1,8.3,73,amazon
ts21308,2011,42,"['reality', 'comedy', 'crime']",6,7.7,35,amazon
ts15620,2012,29,"['comedy', 'history']",1,6.7,662,amazon
ts26905,2012,46,"['drama', 'comedy', 'romance']",1,7.9,2245,amazon
ts26966,2012,49,"['documentation', 'drama', 'horror']",2,7.9,1238,amazon
ts62451,2012,11,"['animation', 'family']",3,4.9,29,amazon
ts27022,2012,22,"['animation', 'comedy', 'crime']",3,6.9,1374,amazon
ts28119,2012,21,"['reality', 'documentation']",4,7.1,163,amazon
ts12236,2011,44,['reality'],2,6.3,505,amazon
ts236991,2011,45,[],1,0.0,0,amazon
ts27921,2012,42,"['action', 'documentation', 'comedy', 'reality']",2,7.5,154,amazon
ts8985,2011,45,"['drama', 'history', 'romance']",1,8.4,1824,amazon
ts34081,2011,17,"['action', 'animation', 'family']",4,4.9,218,amazon
ts36491,2011,59,"['reality', 'documentation', 'european']",3,7.4,253,amazon
ts38289,2011,58,['documentation'],1,8.5,540,amazon
ts191698,2011,6,"['music', 'animation', 'family']",4,6.4,108,amazon
ts65904,2012,47,"['reality', 'documentation']",1,7.3,438,amazon
ts33349,2011,14,"['animation', 'comedy', 'family', 'fantasy']",4,6.0,134,amazon
ts52175,2012,12,"['animation', 'crime', 'family']",3,8.1,91,amazon
ts79869,2012,11,"['animation', 'family', 'european']",3,7.0,69,amazon
ts81858,2011,2,"['comedy', 'family', 'animation', 'thriller', 'drama', 'horror']",5,7.1,696,amazon
ts33810,2011,21,"['animation', 'action', 'scifi']",2,5.4,275,amazon
ts66292,2011,12,"['action', 'family', 'animation', 'comedy', 'european']",2,6.9,53,amazon
ts6408,2011,23,"['comedy', 'drama', 'animation']",2,4.3,790,amazon
ts41890,2012,23,"['action', 'scifi', 'animation']",2,6.6,268,amazon
ts7652,2011,22,"['action', 'scifi', 'drama', 'family', 'romance', 'animation', 'comedy', 'thriller']",4,8.0,449,amazon
ts5947,2011,48,"['romance', 'drama']",1,7.1,121,amazon
ts44759,2011,12,"['animation', 'family', 'fantasy', 'comedy']",2,6.9,117,amazon
ts84225,2012,1,"['animation', 'comedy', 'family']",1,7.5,129,amazon
ts10230,2012,32,['comedy'],1,6.4,629,amazon
ts169389,2011,23,"['family', 'fantasy', 'scifi', 'animation', 'action']",1,6.7,24,amazon
ts33989,2011,21,['reality'],4,6.2,48,amazon
ts156783,2012,33,"['animation', 'family']",1,5.9,43,amazon
ts271828,2012,50,['documentation'],1,0.0,0,amazon
ts4032,2011,11,"['family', 'animation']",1,1.4,281,amazon
ts165478,2012,59,['documentation'],1,8.1,43,amazon
ts170798,2011,12,['animation'],1,6.3,36,amazon
ts141702,2012,9,['animation'],3,5.8,34,amazon
ts225449,2012,50,[],1,0.0,0,amazon
ts151452,2012,43,['drama'],2,0.0,0,amazon
ts98217,2011,24,[],1,0.0,0,amazon
ts163385,2012,22,"['reality', 'history']",1,7.4,21,amazon
ts22413,2013,45,"['war', 'action', 'drama', 'history', 'romance', 'european']",6,8.5,544091,amazon
ts196,2014,56,"['drama', 'action']",4,8.2,107013,amazon
ts190,2013,90,"['drama', 'thriller', 'crime', 'european']",9,8.6,27746,amazon
ts20106,2013,19,"['animation', 'action', 'sport', 'scifi', 'comedy', 'family']",9,6.9,26,amazon
ts20040,2013,53,"['drama', 'crime']",7,8.3,88842,amazon
ts6001,2013,61,"['drama', 'crime', 'thriller']",3,8.1,108922,amazon
ts11846,2013,52,"['crime', 'comedy', 'drama', 'european']",11,7.5,1767,amazon
ts4647,2014,59,"['drama', 'romance']",5,7.9,46816,amazon
ts20311,2014,52,"['crime', 'drama', 'thriller', 'european', 'family']",7,7.9,15056,amazon
ts22418,2013,52,"['action', 'scifi', 'thriller', 'drama', 'european']",2,8.4,47948,amazon
ts20765,2013,60,"['drama', 'war', 'history', 'romance', 'european']",1,7.7,29043,amazon
ts21386,2014,47,['reality'],6,7.3,1328,amazon
ts16101,2013,54,"['drama', 'romance', 'fantasy', 'history']",3,7.9,77541,amazon
ts34566,2013,92,"['drama', 'history', 'war', 'action', 'european']",1,8.4,30670,amazon
ts20817,2013,51,"['drama', 'thriller', 'action', 'crime']",4,6.8,2950,amazon
ts11794,2013,19,"['animation', 'fantasy', 'scifi', 'comedy', 'family']",3,6.4,688,amazon
ts20268,2013,44,"['drama', 'thriller', 'scifi', 'action', 'crime', 'fantasy', 'horror']",4,7.3,62018,amazon
ts20072,2014,44,"['drama', 'thriller', 'crime']",2,7.4,5405,amazon
ts75233,2014,24,"['crime', 'family', 'comedy', 'scifi', 'action']",4,7.2,1228,amazon
ts19365,2013,45,"['drama', 'romance']",3,6.9,2466,amazon
ts13388,2013,58,['documentation'],1,0.0,0,amazon
ts20895,2014,42,"['thriller', 'war', 'comedy', 'crime']",2,6.8,9747,amazon
ts20025,2014,46,"['thriller', 'drama', 'crime', 'european']",1,7.1,1680,amazon
ts20115,2014,54,"['drama', 'crime']",2,7.5,11685,amazon
ts21378,2013,44,['reality'],5,6.0,655,amazon
ts20362,2014,58,"['drama', 'crime', 'european']",2,8.2,27929,amazon
ts22511,2014,46,"['crime', 'thriller', 'drama']",2,7.2,3353,amazon
ts36067,2014,26,"['comedy', 'drama', 'sport']",3,7.9,12114,amazon
ts123577,2014,20,['family'],3,6.6,513,amazon
ts20914,2014,56,"['drama', 'action', 'european']",3,7.8,22802,amazon
ts79302,2014,57,"['reality', 'european']",3,8.1,342,amazon
ts20723,2013,45,"['drama', 'romance', 'war', 'action', 'european']",1,6.8,2333,amazon
ts34377,2013,59,['drama'],2,7.7,2449,amazon
ts16925,2013,25,['reality'],5,7.9,231,amazon
ts20354,2014,28,"['comedy', 'drama', 'music']",4,8.1,25184,amazon
ts10364,2013,43,"['drama', 'comedy']",4,7.8,23488,amazon
ts40464,2013,45,['documentation'],1,7.0,48,amazon
ts38135,2014,22,"['action', 'comedy', 'family', 'scifi', 'animation']",7,5.7,948,amazon
ts56918,2014,42,['documentation'],4,8.3,350,amazon
ts20060,2014,29,"['drama', 'comedy']",5,7.8,22946,amazon
ts11084,2013,28,"['war', 'comedy', 'european']",3,7.9,2318,amazon
ts20178,2013,43,"['scifi', 'comedy', 'drama', 'romance', 'fantasy']",1,7.2,65,amazon
ts44132,2014,46,"['thriller', 'documentation', 'history']",1,7.1,51,amazon
ts3467,2013,27,"['drama', 'comedy']",2,7.5,4695,amazon
ts18921,2014,61,"['war', 'action', 'drama', 'history', 'romance']",1,7.9,1441,amazon
ts53450,2014,22,['reality'],1,5.9,107,amazon
ts56266,2014,12,"['animation', 'family', 'scifi']",12,6.0,354,amazon
ts89386,2013,50,"['documentation', 'animation']",1,7.9,21,amazon
ts57744,2014,14,['animation'],9,0.0,0,amazon
ts20269,2014,28,"['drama', 'comedy', 'sport']",4,7.1,2475,amazon
ts37749,2014,46,"['thriller', 'drama', 'european']",1,6.5,1030,amazon
ts35055,2013,43,['documentation'],5,7.3,30,amazon
ts5809,2014,22,['comedy'],2,7.2,1062,amazon
ts35282,2013,23,"['drama', 'family', 'romance']",8,6.1,2094,amazon
ts44211,2013,91,"['comedy', 'crime', 'drama']",10,7.0,335,amazon
ts34338,2013,56,"['documentation', 'scifi', 'drama', 'history']",1,8.1,766,amazon
ts80811,2014,57,"['reality', 'documentation', 'european']",4,7.3,492,amazon
ts20139,2013,76,"['comedy', 'drama', 'romance']",1,7.8,1475,amazon
ts56421,2014,46,"['drama', 'war', 'history']",3,8.0,1541,amazon
ts36012,2014,58,"['romance', 'drama']",1,6.3,78,amazon
ts156825,2014,44,['drama'],2,8.6,44,amazon
ts154401,2014,24,['reality'],2,7.5,24,amazon
ts20271,2014,41,"['reality', 'drama']",6,5.4,414,amazon
ts35386,2014,25,"['action', 'drama', 'animation', 'family', 'fantasy']",1,7.0,869,amazon
ts11963,2014,14,"['comedy', 'family', 'animation']",3,6.8,10242,amazon
ts41737,2013,23,"['animation', 'family', 'fantasy']",4,8.7,518,amazon
ts43048,2013,24,['reality'],6,5.7,120,amazon
ts3155,2013,26,['comedy'],1,6.9,2929,amazon
ts21389,2013,46,"['action', 'documentation', 'crime', 'drama']",1,6.5,1597,amazon
ts35177,2014,19,"['animation', 'family', 'scifi', 'music']",2,7.5,85,amazon
ts35677,2013,19,"['animation', 'family']",2,7.9,386,amazon
ts35897,2014,61,"['comedy', 'romance']",1,7.3,549,amazon
ts35648,2014,23,"['scifi', 'action', 'family']",4,6.3,390,amazon
ts44098,2014,22,"['action', 'scifi', 'comedy', 'fantasy', 'animation']",3,7.0,6,amazon
ts43880,2014,21,"['music', 'animation', 'family', 'comedy', 'fantasy', 'romance', 'action']",4,7.4,508,amazon
ts53534,2013,48,"['drama', 'action']",2,5.8,191,amazon
ts35628,2014,24,"['comedy', 'documentation', 'reality']",4,8.5,22,amazon
ts62171,2013,39,[],1,5.8,18,amazon
ts42500,2013,47,"['comedy', 'drama', 'romance']",2,7.4,1290,amazon
ts44135,2014,49,['documentation'],13,8.8,372,amazon
ts55185,2013,23,"['animation', 'family', 'scifi']",3,5.5,282,amazon
ts53465,2013,61,"['documentation', 'reality', 'history']",1,8.5,371,amazon
ts84145,2014,89,"['comedy', 'horror']",1,7.8,299,amazon
ts44009,2014,27,"['comedy', 'family']",1,5.7,8,amazon
ts43939,2014,29,['documentation'],1,6.7,11,amazon
ts20277,2014,51,"['drama', 'comedy']",1,6.6,331,amazon
ts56116,2014,45,"['scifi', 'fantasy']",2,7.7,15,amazon
ts57334,2014,24,"['animation', 'action', 'scifi']",6,6.9,64,amazon
ts32073,2013,47,"['comedy', 'romance']",1,7.1,1757,amazon
ts40814,2013,35,"['scifi', 'family', 'fantasy', 'animation', 'action', 'comedy', 'european']",1,6.7,1081,amazon
ts66267,2013,30,"['action', 'animation', 'scifi']",1,6.7,94,amazon
ts155189,2013,43,"['drama', 'war']",1,7.4,136,amazon
ts43906,2014,60,"['documentation', 'history']",1,8.2,524,amazon
ts40964,2013,24,"['animation', 'european']",1,6.7,33,amazon
ts70147,2013,23,"['comedy', 'scifi', 'animation']",2,2.6,179,amazon
ts79904,2014,57,"['reality', 'documentation', 'history']",1,8.6,344,amazon
ts35076,2013,44,['reality'],2,6.2,109,amazon
ts79400,2014,25,"['documentation', 'family', 'war']",1,0.0,0,amazon
ts56167,2013,4,['comedy'],2,7.6,62,amazon
ts254941,2013,54,['documentation'],1,0.0,0,amazon
ts317337,2013,55,['documentation'],1,0.0,0,amazon
ts139159,2014,49,['comedy'],2,6.7,158,amazon
ts76192,2014,21,"['documentation', 'family']",4,8.0,24,amazon
ts34553,2013,59,['documentation'],1,8.2,156,amazon
ts166226,2013,21,"['comedy', 'reality', 'drama']",1,6.3,21,amazon
ts35108,2013,59,['documentation'],2,0.0,0,amazon
ts151280,2013,21,['sport'],4,9.3,31,amazon
ts155814,2014,13,['animation'],3,8.3,12,amazon
ts187631,2013,4,"['animation', 'family']",3,0.0,0,amazon
ts159533,2013,22,"['animation', 'action', 'fantasy']",1,7.6,14,amazon
ts161307,2013,3,['sport'],1,0.0,0,amazon
ts127681,2013,3,"['animation', 'family']",1,8.6,14,amazon
ts150698,2013,25,[],2,8.6,39,amazon
ts95742,2014,5,['animation'],1,0.0,0,amazon
ts136671,2014,23,[],4,0.0,0,amazon
ts123942,2013,13,['animation'],2,8.0,10,amazon
ts166066,2013,32,['reality'],2,9.0,42,amazon
ts95763,2013,1,"['music', 'animation', 'family']",3,3.6,5,amazon
ts161392,2013,25,[],7,6.3,8,amazon
ts41945,2016,60,"['crime', 'thriller', 'drama', 'european']",1,8.0,93422,amazon
ts35476,2015,49,"['crime', 'drama', 'thriller']",4,8.5,394017,amazon
ts37018,2015,42,"['scifi', 'drama', 'thriller']",6,8.5,157981,amazon
ts42047,2016,25,"['drama', 'comedy', 'european']",2,8.7,166543,amazon
ts36962,2016,57,['drama'],6,8.4,96325,amazon
ts38125,2016,28,['drama'],3,7.0,11097,amazon
ts36929,2015,45,"['thriller', 'drama', 'crime', 'european']",4,8.3,24514,amazon
ts41490,2016,42,"['action', 'thriller', 'crime', 'drama']",3,7.6,8021,amazon
ts21882,2015,55,"['scifi', 'drama', 'thriller']",4,8.0,96965,amazon
ts36147,2016,47,"['scifi', 'crime', 'drama', 'fantasy']",6,8.1,331313,amazon
ts41985,2016,46,"['drama', 'crime']",6,8.2,40189,amazon
ts52840,2016,47,"['scifi', 'action', 'drama']",2,7.4,14872,amazon
ts14841,2015,46,"['drama', 'crime']",7,8.5,74349,amazon
ts35461,2015,46,"['drama', 'horror', 'european']",1,7.0,4949,amazon
ts17296,2015,25,"['comedy', 'european']",4,8.2,20622,amazon
ts36885,2015,30,"['scifi', 'action', 'comedy', 'horror', 'fantasy', 'thriller']",3,8.4,70087,amazon
ts37927,2016,44,"['scifi', 'fantasy', 'horror', 'drama']",4,7.9,76788,amazon
ts21594,2015,58,"['drama', 'romance', 'history', 'european']",5,8.3,33057,amazon
ts35222,2015,25,"['documentation', 'comedy']",11,8.2,2982,amazon
ts38730,2016,46,"['drama', 'comedy', 'romance', 'european']",4,8.2,12129,amazon
ts36550,2016,42,"['drama', 'action', 'scifi']",7,6.8,101178,amazon
ts37909,2015,49,"['drama', 'thriller', 'crime']",3,8.1,37896,amazon
ts35575,2015,47,"['thriller', 'scifi', 'drama', 'european']",3,7.9,40652,amazon
ts41934,2016,52,"['drama', 'history', 'european']",3,8.2,28502,amazon
ts41266,2016,52,"['crime', 'drama']",4,8.1,50315,amazon
ts38665,2016,28,"['drama', 'comedy', 'romance']",5,7.0,10658,amazon
ts38145,2015,46,"['drama', 'thriller', 'comedy']",2,8.2,15829,amazon
ts39038,2016,68,"['comedy', 'sport', 'reality', 'european']",5,8.7,77392,amazon
ts76483,2016,21,"['documentation', 'comedy', 'crime', 'horror']",8,8.8,1743,amazon
ts36742,2015,55,"['reality', 'horror']",9,6.8,48,amazon
ts37685,2015,25,"['thriller', 'drama', 'romance']",1,6.9,708,amazon
ts53024,2016,11,"['scifi', 'action', 'family', 'fantasy', 'animation']",1,7.5,2250,amazon
ts53085,2016,51,"['drama', 'crime']",2,6.6,1098,amazon
ts42002,2016,26,"['comedy', 'scifi', 'action']",2,7.4,18847,amazon
ts37731,2015,55,['documentation'],1,8.5,551,amazon
ts35399,2015,60,['drama'],1,7.8,10951,amazon
ts40516,2016,67,"['crime', 'drama', 'thriller']",5,7.8,1863,amazon
ts53035,2016,33,"['crime', 'drama']",1,6.8,3764,amazon
ts37862,2015,44,"['drama', 'crime']",2,6.3,589,amazon
ts81635,2016,24,"['horror', 'reality', 'comedy']",7,8.7,1605,amazon
ts38472,2016,42,"['scifi', 'action', 'drama', 'fantasy']",1,5.7,3461,amazon
ts42257,2016,71,"['scifi', 'thriller', 'crime', 'drama', 'fantasy']",2,8.5,7677,amazon
ts38815,2016,30,"['action', 'comedy', 'drama']",1,7.5,9543,amazon
ts62471,2016,44,['documentation'],1,6.6,18,amazon
ts36092,2015,10,"['comedy', 'romance', 'drama', 'european']",5,7.2,240,amazon
ts21900,2015,55,"['comedy', 'drama', 'crime']",1,7.5,8619,amazon
ts41922,2016,27,"['drama', 'comedy']",2,7.5,4194,amazon
ts38793,2016,60,"['scifi', 'fantasy', 'horror', 'romance', 'comedy']",1,7.6,2805,amazon
ts78328,2015,49,"['drama', 'thriller']",1,7.0,71,amazon
ts39160,2015,20,"['reality', 'comedy']",3,7.3,195,amazon
ts43051,2015,51,['drama'],1,8.1,6022,amazon
ts42029,2016,24,['comedy'],1,6.6,6666,amazon
ts21871,2015,43,"['drama', 'comedy']",4,7.4,13520,amazon
ts38814,2016,26,"['comedy', 'romance']",1,6.3,4625,amazon
ts129381,2016,8,"['romance', 'drama']",1,7.3,150,amazon
ts38740,2016,30,['documentation'],1,6.6,428,amazon
ts37660,2015,71,"['comedy', 'drama', 'family', 'romance']",1,9.2,8310,amazon
ts38712,2016,22,"['scifi', 'action', 'animation', 'drama', 'fantasy', 'horror']",2,7.2,5838,amazon
ts38161,2015,28,"['scifi', 'drama', 'family', 'fantasy', 'comedy']",3,8.3,2770,amazon
ts36225,2015,22,"['animation', 'comedy']",3,7.6,1293,amazon
ts42097,2016,44,['drama'],2,7.3,4905,amazon
ts99878,2016,50,['documentation'],1,7.9,94,amazon
ts14746,2016,27,['documentation'],6,7.6,103,amazon
ts41283,2015,44,[],5,7.8,760,amazon
ts76430,2015,46,"['drama', 'thriller']",1,8.0,321,amazon
ts82351,2016,22,['drama'],1,8.0,747,amazon
ts103173,2015,2,['animation'],8,7.8,29,amazon
ts42202,2016,8,"['animation', 'comedy']",4,7.4,83,amazon
ts53213,2015,6,['comedy'],4,0.0,0,amazon
ts41322,2016,22,"['comedy', 'family']",1,7.0,169,amazon
ts78871,2016,59,"['documentation', 'history', 'european']",1,7.8,274,amazon
ts38339,2015,30,"['drama', 'history']",1,7.0,4432,amazon
ts79160,2015,21,['comedy'],2,4.3,194,amazon
ts38788,2016,22,"['animation', 'drama', 'sport']",1,5.5,113,amazon
ts11336,2015,48,"['drama', 'documentation', 'european']",1,7.4,982,amazon
ts43396,2015,20,"['animation', 'family', 'fantasy']",4,5.1,525,amazon
ts41261,2016,22,"['drama', 'animation', 'romance']",1,7.4,467,amazon
ts82197,2015,6,"['documentation', 'comedy', 'family']",1,5.3,8,amazon
ts66587,2016,23,"['animation', 'action', 'comedy', 'family', 'fantasy']",3,5.5,259,amazon
ts43171,2015,24,"['action', 'animation', 'comedy', 'crime']",1,7.7,578,amazon
ts55062,2015,20,['drama'],3,6.8,280,amazon
ts85230,2015,44,"['war', 'documentation', 'history']",1,6.9,123,amazon
ts235017,2015,22,['family'],1,7.8,6,amazon
ts52947,2016,15,"['animation', 'family', 'european']",4,7.6,26,amazon
ts80487,2016,43,"['comedy', 'reality']",11,8.0,404,amazon
ts38810,2016,46,"['documentation', 'reality', 'sport', 'drama']",5,7.7,833,amazon
ts127339,2016,44,"['drama', 'history', 'documentation']",1,7.5,95,amazon
ts35223,2015,22,"['action', 'animation', 'family', 'scifi', 'european']",3,6.8,1710,amazon
ts36049,2015,56,"['comedy', 'drama', 'fantasy', 'romance']",1,8.0,4674,amazon
ts38817,2016,49,"['action', 'scifi', 'drama', 'fantasy']",2,6.4,3429,amazon
ts43485,2015,24,"['animation', 'comedy']",2,7.1,1633,amazon
ts56124,2016,47,['family'],3,7.6,0,amazon
ts37742,2015,15,"['drama', 'comedy']",1,7.3,2158,amazon
ts53579,2016,32,"['scifi', 'action', 'horror', 'thriller', 'drama']",2,7.6,380,amazon
ts55121,2016,25,"['family', 'sport', 'comedy']",1,6.8,747,amazon
ts41958,2016,57,"['drama', 'history', 'romance', 'european']",1,7.0,2294,amazon
ts37868,2015,43,"['drama', 'thriller', 'crime', 'romance']",1,7.3,689,amazon
ts35966,2015,23,"['scifi', 'fantasy', 'animation', 'family', 'european']",2,7.6,569,amazon
ts95830,2016,11,"['animation', 'family']",2,7.8,30,amazon
ts55428,2015,26,"['family', 'war', 'animation', 'drama', 'european']",1,8.9,469,amazon
ts36149,2015,54,"['documentation', 'history']",1,7.7,134,amazon
ts38152,2015,18,"['comedy', 'drama']",1,7.9,6548,amazon
ts223893,2016,51,"['war', 'documentation']",1,6.9,40,amazon
ts42340,2016,43,['reality'],2,6.0,89,amazon
ts35540,2015,68,"['drama', 'western', 'war', 'history']",1,8.7,19,amazon
ts41981,2016,22,"['animation', 'family']",5,7.5,324,amazon
ts37743,2015,27,"['comedy', 'european']",1,7.2,708,amazon
ts43534,2015,51,"['documentation', 'war', 'history']",1,5.6,40,amazon
ts81093,2015,17,['horror'],1,5.6,375,amazon
ts119087,2015,3,"['animation', 'family']",5,6.1,114,amazon
ts137551,2016,15,"['animation', 'family', 'scifi']",2,6.2,143,amazon
ts42337,2016,49,"['comedy', 'drama', 'romance']",1,7.1,859,amazon
ts45492,2015,41,['reality'],8,4.8,194,amazon
ts70521,2015,19,"['action', 'comedy', 'family', 'animation']",10,7.3,381,amazon
ts94400,2015,4,"['animation', 'family']",2,7.8,39,amazon
ts95803,2015,13,"['animation', 'family']",3,5.5,35,amazon
ts38754,2016,20,['comedy'],2,5.6,591,amazon
ts39070,2015,23,"['animation', 'comedy', 'family', 'fantasy']",2,5.4,139,amazon
ts89279,2016,59,"['documentation', 'history']",1,7.7,203,amazon
ts89826,2015,22,"['action', 'animation', 'comedy']",1,8.4,79,amazon
ts309603,2016,9,"['animation', 'comedy', 'family', 'european']",1,6.2,306,amazon
ts237616,2015,24,['documentation'],1,0.0,0,amazon
ts55123,2015,22,"['scifi', 'animation', 'family', 'fantasy']",3,4.9,151,amazon
ts137676,2015,17,['drama'],2,7.3,35,amazon
ts47704,2016,27,"['reality', 'documentation']",1,7.8,212,amazon
ts75732,2015,15,['animation'],5,8.2,39,amazon
ts56876,2016,10,"['family', 'animation', 'comedy']",3,7.6,31,amazon
ts128342,2016,12,"['comedy', 'family', 'fantasy', 'animation']",2,7.7,52,amazon
ts308046,2016,52,['documentation'],1,0.0,0,amazon
ts62447,2015,11,"['family', 'fantasy']",2,5.6,51,amazon
ts77103,2015,52,"['documentation', 'european']",1,7.3,142,amazon
ts95796,2016,1,"['music', 'family']",3,6.2,10,amazon
ts74711,2015,63,['comedy'],2,6.7,14,amazon
ts10793,2015,45,['documentation'],6,6.6,21,amazon
ts86985,2016,48,['documentation'],1,7.5,32,amazon
ts258052,2015,22,"['family', 'sport', 'documentation']",1,0.0,0,amazon
ts79488,2016,52,[],1,7.2,10,amazon
ts80039,2015,11,['documentation'],1,6.9,35,amazon
ts179412,2016,23,['animation'],1,8.2,8,amazon
ts223803,2015,25,[],1,0.0,0,amazon
ts83794,2016,21,['documentation'],1,6.7,9,amazon
ts95801,2015,9,['animation'],2,8.5,27,amazon
ts95810,2016,8,"['family', 'animation']",1,8.5,28,amazon
ts41284,2016,13,['reality'],1,8.4,24,amazon
ts140628,2015,23,"['family', 'european']",1,7.4,12,amazon
ts122072,2015,11,['comedy'],1,5.8,10,amazon
ts96002,2016,10,"['family', 'animation']",1,8.9,25,amazon
ts100612,2016,15,['comedy'],4,9.4,14,amazon
ts141906,2015,26,['documentation'],1,7.6,5,amazon
ts128903,2016,46,['documentation'],1,7.3,27,amazon
ts95700,2015,12,"['comedy', 'animation']",1,8.8,14,amazon
ts115097,2016,8,"['animation', 'family']",1,8.1,21,amazon
ts95819,2016,13,"['animation', 'family']",3,6.5,40,amazon
ts98387,2015,13,[],1,0.0,0,amazon
ts75062,2018,49,"['war', 'action', 'drama', 'thriller']",3,8.0,145705,amazon
ts78865,2018,46,"['scifi', 'romance', 'drama', 'fantasy', 'european']",3,7.9,55011,amazon
ts55995,2017,54,"['drama', 'comedy']",5,8.7,117073,amazon
ts12314,2017,54,"['scifi', 'drama', 'fantasy']",3,7.6,88263,amazon
ts74886,2017,29,"['drama', 'comedy']",3,7.8,5290,amazon
ts54025,2017,21,['comedy'],2,8.0,2847,amazon
ts58178,2017,26,"['scifi', 'action', 'drama', 'fantasy', 'animation']",2,8.4,12351,amazon
ts53402,2017,22,"['comedy', 'crime']",2,8.2,16,amazon
ts81912,2018,30,"['drama', 'reality', 'thriller']",2,7.4,25346,amazon
ts85745,2018,19,['comedy'],3,5.3,208,amazon
ts56077,2017,56,"['crime', 'fantasy', 'thriller']",3,7.0,491,amazon
ts58158,2017,48,"['drama', 'thriller', 'crime', 'european']",3,7.2,15011,amazon
ts55621,2018,45,"['drama', 'scifi', 'action', 'fantasy', 'history', 'european']",3,6.8,16705,amazon
ts42172,2017,65,['drama'],3,8.1,29918,amazon
ts58301,2017,43,"['drama', 'thriller', 'crime']",4,7.6,161,amazon
ts76108,2017,58,['documentation'],1,7.9,230,amazon
ts55277,2017,58,"['drama', 'history', 'romance', 'war', 'european']",1,7.5,13809,amazon
ts55500,2017,48,"['drama', 'scifi']",1,7.2,17315,amazon
ts55798,2017,64,"['drama', 'crime', 'thriller', 'romance', 'scifi', 'comedy']",2,8.5,8884,amazon
ts80675,2018,50,"['romance', 'drama']",2,7.7,606,amazon
ts58215,2017,45,['documentation'],1,7.8,194,amazon
ts80908,2018,56,"['drama', 'comedy', 'crime', 'history', 'european']",1,7.7,14819,amazon
ts82872,2018,30,"['drama', 'fantasy', 'comedy']",1,7.1,6855,amazon
ts86486,2018,30,"['comedy', 'reality']",5,3.6,635,amazon
ts82563,2018,52,"['crime', 'thriller']",1,6.7,934,amazon
ts58319,2017,42,"['drama', 'thriller', 'crime']",3,7.2,16148,amazon
ts86205,2018,44,"['action', 'scifi']",2,5.3,258,amazon
ts55653,2017,45,"['scifi', 'thriller', 'drama']",2,6.9,23150,amazon
ts85612,2018,50,"['action', 'crime', 'drama', 'thriller']",2,8.5,74673,amazon
ts82776,2018,47,"['drama', 'history']",1,7.3,4579,amazon
ts78662,2018,34,['drama'],3,7.3,3169,amazon
ts76291,2017,58,"['drama', 'romance', 'european']",1,7.2,6050,amazon
ts78016,2018,29,"['drama', 'comedy', 'romance', 'european']",3,8.9,30867,amazon
ts125585,2017,10,['comedy'],1,6.7,27,amazon
ts75463,2017,45,"['scifi', 'drama', 'crime', 'thriller', 'action', 'horror', 'fantasy', 'comedy', 'romance']",4,7.6,1065,amazon
ts83128,2018,60,"['documentation', 'sport']",2,7.8,303,amazon
ts76096,2018,55,"['drama', 'thriller', 'crime', 'european']",1,7.2,10299,amazon
ts55764,2017,23,"['animation', 'thriller', 'action', 'scifi', 'fantasy']",1,6.9,1044,amazon
ts82131,2018,22,"['action', 'drama', 'thriller', 'animation', 'crime']",1,8.2,6655,amazon
ts74756,2017,37,"['comedy', 'documentation', 'action', 'reality', 'sport']",2,5.8,307,amazon
ts10848,2018,40,"['drama', 'action']",2,6.1,730,amazon
ts75989,2017,28,['comedy'],3,0.0,0,amazon
ts80079,2018,23,"['comedy', 'animation', 'romance']",1,7.5,3678,amazon
ts55571,2017,41,"['drama', 'documentation']",1,7.5,2252,amazon
ts75658,2017,42,"['thriller', 'drama', 'documentation', 'horror']",2,6.7,5251,amazon
ts55991,2017,25,['comedy'],1,0.0,0,amazon
ts258355,2017,51,"['documentation', 'drama']",1,8.2,31,amazon
ts236347,2017,24,"['action', 'scifi', 'thriller', 'animation', 'drama', 'fantasy']",1,7.5,1505,amazon
ts92234,2018,7,['sport'],8,0.0,0,amazon
ts83252,2018,48,"['documentation', 'reality', 'sport']",1,8.1,7231,amazon
ts42042,2017,60,"['drama', 'history', 'romance', 'fantasy']",1,7.7,475,amazon
ts82601,2018,54,"['crime', 'thriller', 'drama']",1,6.6,10532,amazon
ts75805,2017,31,['documentation'],4,8.2,62,amazon
ts82380,2018,61,"['reality', 'comedy']",3,6.8,2137,amazon
ts57163,2017,45,['drama'],1,6.8,48,amazon
ts56728,2017,46,"['drama', 'scifi', 'animation', 'fantasy']",1,6.5,166,amazon
ts76478,2017,91,"['drama', 'comedy']",1,8.4,3881,amazon
ts80481,2018,51,"['drama', 'thriller', 'romance']",1,6.1,4219,amazon
ts86282,2018,37,['comedy'],3,7.3,654,amazon
ts110365,2018,46,"['comedy', 'drama', 'romance']",1,0.0,0,amazon
ts75862,2017,23,"['action', 'scifi']",2,0.0,0,amazon
ts53368,2017,22,"['animation', 'drama', 'romance']",1,6.8,2100,amazon
ts75291,2018,80,['drama'],1,7.0,6112,amazon
ts79601,2018,58,"['reality', 'documentation']",1,6.7,358,amazon
ts53721,2017,45,['reality'],3,3.4,621,amazon
ts74735,2018,25,"['drama', 'action']",1,7.4,149,amazon
ts75328,2017,42,['reality'],2,5.7,87,amazon
ts118548,2017,43,['reality'],2,6.8,6,amazon
ts89372,2018,18,"['comedy', 'family', 'animation']",2,7.2,25,amazon
ts84595,2018,59,"['crime', 'drama', 'thriller']",1,7.8,6080,amazon
ts120341,2017,20,['reality'],3,6.3,22,amazon
ts84590,2018,24,"['crime', 'animation', 'drama', 'action', 'thriller', 'fantasy']",1,7.1,404,amazon
ts85392,2018,61,"['drama', 'thriller']",1,7.3,2918,amazon
ts289673,2017,52,['documentation'],2,0.0,0,amazon
ts112213,2018,21,['drama'],3,8.3,41,amazon
ts78869,2018,23,"['animation', 'drama', 'sport', 'action']",1,6.7,53,amazon
ts82666,2018,45,"['action', 'comedy', 'drama', 'romance', 'sport']",1,6.3,279,amazon
ts57262,2017,46,['documentation'],1,0.0,0,amazon
ts79019,2018,24,"['comedy', 'drama', 'horror']",1,7.1,857,amazon
ts86273,2018,24,"['drama', 'action', 'crime']",1,6.7,915,amazon
ts55087,2017,49,"['thriller', 'drama', 'european']",2,6.1,3450,amazon
ts83241,2018,43,"['documentation', 'music']",1,9.1,290,amazon
ts83741,2018,45,"['drama', 'crime', 'thriller', 'comedy', 'romance']",2,6.4,2626,amazon
ts80747,2018,24,"['animation', 'comedy', 'drama']",1,7.8,3440,amazon
ts81547,2018,21,['drama'],1,6.6,310,amazon
ts83847,2018,48,"['drama', 'war', 'crime', 'thriller']",2,8.0,502,amazon
ts56249,2017,25,"['animation', 'comedy']",1,7.4,11,amazon
ts58317,2017,44,"['drama', 'sport']",3,7.9,12076,amazon
ts78296,2018,39,"['crime', 'drama', 'thriller']",1,8.3,20463,amazon
ts75773,2017,24,"['drama', 'action', 'scifi', 'animation', 'fantasy']",1,7.9,1724,amazon
ts55756,2017,25,"['comedy', 'animation', 'action', 'fantasy']",1,7.0,1546,amazon
ts77789,2018,24,"['action', 'scifi', 'animation']",1,6.3,566,amazon
ts84286,2018,24,"['scifi', 'romance', 'animation', 'drama', 'fantasy']",1,7.3,702,amazon
ts83601,2018,62,['documentation'],1,7.2,394,amazon
ts56824,2017,39,"['scifi', 'drama', 'horror']",1,6.4,644,amazon
ts56244,2017,25,"['animation', 'drama', 'scifi', 'thriller', 'fantasy']",1,7.3,149,amazon
ts76088,2017,39,"['thriller', 'drama', 'documentation']",1,6.4,6,amazon
ts78448,2018,44,"['scifi', 'action', 'fantasy', 'romance']",1,7.6,924,amazon
ts86142,2018,50,['comedy'],2,7.3,202,amazon
ts82321,2018,43,['reality'],3,5.0,546,amazon
ts56102,2017,24,"['scifi', 'action', 'animation', 'fantasy']",1,6.9,767,amazon
ts82389,2018,24,"['drama', 'romance', 'thriller', 'animation', 'crime', 'horror']",1,6.4,641,amazon
ts78981,2018,27,"['drama', 'family', 'comedy']",1,5.9,489,amazon
ts55188,2017,54,"['drama', 'history']",1,7.6,5336,amazon
ts79339,2018,24,"['thriller', 'animation', 'drama', 'action', 'fantasy', 'horror']",1,5.9,455,amazon
ts77813,2017,24,"['drama', 'thriller', 'comedy']",2,7.4,1637,amazon
ts84116,2018,55,"['drama', 'crime']",1,4.3,129,amazon
ts261568,2018,70,['action'],1,0.0,0,amazon
ts57447,2017,25,"['documentation', 'sport']",1,7.2,787,amazon
ts75860,2017,24,"['thriller', 'action', 'animation', 'scifi', 'war', 'drama']",1,7.7,1262,amazon
ts108937,2017,27,['reality'],4,8.2,12,amazon
ts58493,2017,24,"['action', 'scifi', 'family', 'fantasy', 'animation']",2,7.6,467,amazon
ts82274,2018,23,"['comedy', 'animation', 'fantasy']",3,6.5,182,amazon
ts113293,2018,3,['animation'],3,7.7,26,amazon
ts82554,2017,2,"['animation', 'music']",5,7.0,47,amazon
ts77416,2018,22,"['drama', 'animation', 'comedy', 'romance']",1,7.4,1400,amazon
ts57049,2017,19,"['comedy', 'family', 'scifi']",4,7.3,531,amazon
ts57513,2017,24,"['animation', 'drama', 'thriller']",1,6.5,86,amazon
ts81544,2018,43,"['reality', 'sport', 'documentation']",1,8.1,1064,amazon
ts83015,2018,39,"['drama', 'scifi', 'action', 'fantasy', 'romance']",1,8.0,177,amazon
ts58034,2017,22,"['comedy', 'animation']",1,6.0,67,amazon
ts78644,2018,66,"['crime', 'drama']",1,5.6,473,amazon
ts76205,2017,26,['drama'],2,8.2,4010,amazon
ts81069,2018,50,"['documentation', 'crime']",2,7.1,263,amazon
ts83300,2018,45,"['drama', 'history']",1,7.8,801,amazon
ts84362,2018,24,"['action', 'comedy', 'drama', 'romance', 'animation']",1,7.2,781,amazon
ts77715,2018,24,"['action', 'scifi', 'animation', 'drama', 'romance']",2,5.7,256,amazon
ts78581,2018,27,"['documentation', 'sport']",1,7.5,1303,amazon
ts82128,2018,24,"['action', 'drama', 'scifi', 'thriller', 'animation', 'fantasy']",1,4.9,154,amazon
ts75765,2017,23,"['comedy', 'animation']",1,5.7,333,amazon
ts57454,2017,23,"['comedy', 'family', 'fantasy', 'animation']",1,5.0,696,amazon
ts85070,2018,36,"['action', 'documentation', 'history', 'sport']",1,7.8,435,amazon
ts83685,2018,85,"['documentation', 'crime']",1,0.0,0,amazon
ts80205,2018,42,"['reality', 'documentation', 'sport']",1,7.6,745,amazon
ts56108,2017,24,"['action', 'comedy', 'animation']",1,6.6,448,amazon
ts108992,2018,25,['reality'],3,8.9,46,amazon
ts58048,2017,24,"['animation', 'drama', 'romance']",1,7.1,837,amazon
ts58281,2017,21,"['action', 'animation', 'drama', 'scifi']",2,7.3,480,amazon
ts129852,2017,9,"['horror', 'thriller', 'action']",1,3.0,115,amazon
ts56657,2017,23,"['scifi', 'animation', 'action', 'fantasy']",3,5.8,304,amazon
ts249366,2017,69,['western'],1,6.2,13,amazon
ts57490,2017,23,"['drama', 'animation', 'romance']",1,6.1,718,amazon
ts113109,2017,5,"['animation', 'family']",6,8.6,264,amazon
ts84271,2017,45,['drama'],1,7.4,54,amazon
ts80975,2018,23,"['animation', 'comedy', 'family']",2,5.8,334,amazon
ts55146,2017,20,"['animation', 'family', 'fantasy', 'european']",2,4.9,175,amazon
ts80458,2017,9,"['animation', 'family']",1,6.0,63,amazon
ts56254,2017,29,"['drama', 'animation', 'music', 'romance']",1,6.3,219,amazon
ts85349,2018,44,"['comedy', 'history', 'romance', 'scifi']",1,0.0,0,amazon
ts118906,2018,25,"['animation', 'comedy', 'family']",3,7.6,173,amazon
ts56113,2017,26,"['drama', 'scifi', 'animation']",1,6.6,72,amazon
ts86256,2018,18,"['animation', 'drama', 'romance', 'comedy']",1,8.0,308,amazon
ts95569,2018,21,"['animation', 'family', 'fantasy']",3,4.1,214,amazon
ts90586,2017,40,['comedy'],2,7.7,41,amazon
ts84366,2018,12,"['scifi', 'animation', 'comedy', 'fantasy']",1,7.5,84,amazon
ts116937,2017,22,"['thriller', 'crime', 'drama', 'scifi']",1,6.4,15,amazon
ts105112,2018,27,"['romance', 'comedy', 'drama']",1,4.0,7,amazon
ts56675,2017,26,['comedy'],1,5.9,198,amazon
ts236619,2018,3,[],1,0.0,0,amazon
ts118097,2018,25,"['comedy', 'sport']",3,7.9,82,amazon
ts84616,2018,45,['drama'],1,0.0,0,amazon
ts286394,2018,26,['comedy'],2,7.6,5578,amazon
ts213936,2018,44,['comedy'],1,7.2,14,amazon
ts82819,2018,28,"['documentation', 'sport']",1,7.1,231,amazon
ts95826,2017,6,"['animation', 'family']",3,9.0,57,amazon
ts118734,2017,26,['comedy'],1,5.3,208,amazon
ts102921,2018,27,"['comedy', 'drama']",1,9.0,46,amazon
ts89621,2017,50,"['documentation', 'crime']",1,7.3,54,amazon
ts89762,2017,49,['reality'],3,8.0,48,amazon
ts191563,2018,4,"['family', 'animation']",5,5.5,28,amazon
ts110717,2018,11,"['comedy', 'family', 'animation']",1,8.6,63,amazon
ts79006,2018,25,"['fantasy', 'animation', 'family']",2,5.0,142,amazon
ts90224,2018,79,[],1,0.0,0,amazon
ts83976,2018,56,"['documentation', 'sport']",1,7.3,105,amazon
ts251418,2017,19,['family'],4,0.0,0,amazon
ts86767,2018,32,"['documentation', 'sport']",1,7.1,61,amazon
ts114503,2018,40,"['comedy', 'documentation', 'reality']",1,6.7,1112,amazon
ts96003,2018,29,"['history', 'documentation']",1,8.4,221,amazon
ts86261,2018,19,"['action', 'comedy', 'family']",1,8.2,9,amazon
ts110185,2017,11,"['animation', 'family']",2,7.5,28,amazon
ts224197,2017,45,"['family', 'drama']",1,0.0,0,amazon
ts120722,2017,5,['animation'],2,9.1,13,amazon
ts95699,2017,7,"['animation', 'family']",2,6.9,24,amazon
ts142311,2017,9,['comedy'],1,5.4,166,amazon
ts80239,2017,14,"['documentation', 'crime', 'horror']",1,7.7,9,amazon
ts263383,2018,14,"['family', 'comedy', 'animation']",2,0.0,0,amazon
ts105811,2017,1,['family'],1,1.9,17,amazon
ts86952,2017,20,['drama'],2,7.1,35,amazon
ts249464,2017,25,"['animation', 'action', 'comedy', 'family']",1,8.8,31,amazon
ts120392,2017,25,[],1,6.8,7,amazon
ts250455,2018,3,['animation'],3,0.0,0,amazon
ts258310,2018,27,['documentation'],1,6.4,16,amazon
ts97576,2017,47,['documentation'],1,7.1,28,amazon
ts111156,2018,12,['comedy'],1,7.0,38,amazon
ts96439,2018,34,['comedy'],1,5.6,8,amazon
ts287841,2018,23,"['romance', 'crime']",3,6.5,7,amazon
ts114514,2018,5,"['fantasy', 'comedy']",1,8.0,28,amazon
ts78989,2017,25,['drama'],1,6.9,19,amazon
ts105217,2017,1,[],2,0.0,0,amazon
ts110904,2018,21,['sport'],6,0.0,0,amazon
ts108300,2018,38,[],6,8.4,190,amazon
ts94969,2017,11,"['animation', 'fantasy']",1,7.5,42,amazon
ts120157,2017,25,['action'],1,0.0,0,amazon
ts190637,2018,26,[],5,8.0,10,amazon
ts104136,2018,30,"['comedy', 'reality']",1,6.8,30,amazon
ts112902,2018,58,['comedy'],1,0.0,0,amazon
ts103625,2018,12,"['animation', 'comedy']",1,7.6,9,amazon
ts325749,2017,21,['drama'],1,7.9,27,amazon
ts103639,2018,23,['reality'],2,8.5,7,amazon
ts285007,2017,1,"['family', 'music', 'animation']",4,0.0,0,amazon
ts104665,2018,9,"['action', 'family', 'fantasy', 'music', 'animation']",3,6.9,45,amazon
ts104491,2017,1,[],1,0.0,0,amazon
ts115791,2018,56,['comedy'],1,6.4,14,amazon
ts87959,2020,54,"['drama', 'crime', 'thriller']",2,7.6,54390,amazon
ts146916,2019,55,"['scifi', 'thriller', 'horror', 'crime', 'drama', 'fantasy']",2,7.8,57194,amazon
ts86600,2019,49,"['drama', 'history']",3,9.3,33844,amazon
ts255742,2020,48,"['drama', 'comedy', 'documentation']",3,8.6,13171,amazon
ts78125,2019,61,"['action', 'scifi', 'crime', 'drama', 'comedy']",4,8.7,533054,amazon
ts80679,2019,53,"['drama', 'crime']",3,8.1,16184,amazon
ts81219,2020,60,"['crime', 'drama']",2,7.2,48370,amazon
ts111977,2020,52,"['crime', 'drama', 'family']",3,7.6,8310,amazon
ts86545,2020,58,"['drama', 'action', 'crime']",2,8.1,35589,amazon
ts90311,2019,25,"['action', 'drama', 'war', 'history', 'animation']",2,8.8,45176,amazon
ts105164,2019,64,"['drama', 'crime', 'history', 'thriller']",3,7.5,7014,amazon
ts108549,2019,49,"['drama', 'romance']",3,7.7,14841,amazon
ts89886,2020,53,"['crime', 'thriller']",3,8.0,1657,amazon
ts57328,2019,56,"['comedy', 'drama', 'scifi', 'fantasy']",2,8.1,71075,amazon
ts87778,2020,31,"['scifi', 'comedy']",3,7.9,68663,amazon
ts283298,2019,32,"['comedy', 'romance']",2,8.0,30638,amazon
ts85747,2019,33,"['action', 'comedy', 'drama']",1,8.4,16692,amazon
ts189659,2020,47,"['horror', 'scifi', 'drama']",2,4.4,15629,amazon
ts218144,2020,62,"['drama', 'crime']",4,7.3,8485,amazon
ts87870,2019,23,"['animation', 'scifi', 'drama', 'fantasy']",2,8.2,21459,amazon
ts55221,2019,75,"['crime', 'drama', 'thriller']",1,7.3,10017,amazon
ts89628,2019,46,['action'],2,6.7,6255,amazon
ts47256,2019,49,"['action', 'drama']",3,7.6,39854,amazon
ts231002,2020,28,"['family', 'drama', 'action']",3,6.3,218,amazon
ts111122,2020,55,"['crime', 'drama', 'thriller']",1,8.1,26656,amazon
ts296795,2020,53,['reality'],3,6.7,2278,amazon
ts88545,2020,60,"['drama', 'crime']",2,7.3,10580,amazon
ts378259,2019,25,['comedy'],1,0.0,0,amazon
ts223059,2020,50,"['drama', 'documentation', 'sport']",2,8.8,3361,amazon
ts82800,2020,45,"['drama', 'thriller']",1,6.9,4977,amazon
ts251253,2020,43,"['action', 'drama']",2,0.0,0,amazon
ts86396,2019,29,"['comedy', 'scifi']",1,6.3,3607,amazon
ts223540,2020,50,"['documentation', 'comedy']",2,8.2,8022,amazon
ts237157,2020,43,"['drama', 'thriller', 'crime']",1,5.9,6039,amazon
ts87958,2019,57,"['drama', 'war', 'history', 'romance']",2,6.9,9215,amazon
ts108389,2020,53,"['drama', 'scifi']",1,7.4,20296,amazon
ts94023,2020,54,"['drama', 'thriller']",2,7.3,22939,amazon
ts115157,2019,57,"['thriller', 'crime', 'drama']",1,7.1,10945,amazon
ts235624,2020,45,"['crime', 'scifi', 'drama', 'romance']",2,6.2,3299,amazon
ts297864,2020,24,['drama'],1,0.0,0,amazon
ts271783,2019,28,"['reality', 'comedy']",3,8.2,951,amazon
ts90711,2019,41,"['drama', 'thriller', 'action', 'crime']",1,7.3,92,amazon
ts217979,2020,28,"['comedy', 'horror', 'scifi', 'drama', 'fantasy']",1,7.0,13988,amazon
ts90873,2019,36,['documentation'],1,6.3,125,amazon
ts271996,2020,81,"['drama', 'history']",1,7.9,4727,amazon
ts234449,2019,19,['documentation'],3,0.0,0,amazon
ts87694,2019,38,"['drama', 'comedy', 'romance']",3,5.4,42782,amazon
ts102139,2019,33,"['sport', 'documentation', 'reality']",2,5.3,476,amazon
ts191118,2019,26,['reality'],2,7.4,72,amazon
ts217448,2019,81,"['documentation', 'sport']",1,7.2,686,amazon
ts255434,2020,61,"['thriller', 'drama', 'crime', 'romance']",1,8.6,9761,amazon
ts85213,2020,57,"['scifi', 'horror', 'thriller', 'crime', 'drama', 'fantasy', 'history']",1,6.1,10165,amazon
ts269981,2020,43,"['drama', 'romance']",1,8.1,26,amazon
ts218221,2020,26,['drama'],1,7.1,434,amazon
ts87233,2019,63,"['crime', 'drama', 'documentation', 'romance']",1,7.2,2277,amazon
ts223058,2019,54,"['scifi', 'family']",1,0.0,0,amazon
ts252101,2020,47,['reality'],1,0.0,0,amazon
ts251654,2020,33,"['drama', 'scifi']",1,0.0,0,amazon
ts84658,2019,23,"['animation', 'scifi', 'action']",1,7.0,92,amazon
ts238054,2020,13,"['comedy', 'drama', 'romance']",1,6.0,176,amazon
ts226414,2020,56,"['action', 'drama', 'family']",3,7.2,267,amazon
ts249921,2020,48,['comedy'],1,0.0,0,amazon
ts268574,2020,49,"['drama', 'comedy']",1,7.4,102,amazon
ts88557,2019,27,"['comedy', 'drama', 'romance']",2,8.7,9238,amazon
ts230603,2020,38,"['drama', 'thriller']",1,7.5,216,amazon
ts80485,2020,49,"['drama', 'action', 'thriller', 'scifi']",1,6.7,14561,amazon
ts223100,2019,46,['reality'],4,0.0,0,amazon
ts187541,2019,80,"['comedy', 'scifi', 'drama', 'romance', 'action', 'fantasy', 'horror']",1,8.1,10323,amazon
ts133315,2019,38,"['thriller', 'horror', 'scifi']",1,5.4,867,amazon
ts87789,2019,51,"['reality', 'documentation']",2,5.8,969,amazon
ts237241,2020,46,['reality'],2,5.3,778,amazon
ts107127,2020,33,"['comedy', 'drama']",3,6.1,2653,amazon
ts236697,2020,49,"['drama', 'romance', 'comedy']",1,7.4,475,amazon
ts252269,2020,48,"['documentation', 'sport']",2,7.5,486,amazon
ts236482,2020,56,"['drama', 'sport', 'documentation']",2,8.8,26,amazon
ts255055,2020,61,"['drama', 'action', 'comedy', 'romance']",1,6.3,189,amazon
ts215683,2019,44,"['action', 'drama', 'fantasy', 'horror', 'romance', 'comedy']",1,8.8,7131,amazon
ts237051,2020,46,"['documentation', 'crime']",1,8.5,2568,amazon
ts224733,2020,50,"['documentation', 'crime']",1,6.4,1043,amazon
ts88162,2019,50,"['drama', 'comedy']",2,7.2,5802,amazon
ts223381,2019,32,"['drama', 'comedy']",3,8.5,17164,amazon
ts190132,2019,29,"['comedy', 'reality']",2,6.3,1026,amazon
ts224907,2020,62,"['comedy', 'drama', 'romance', 'action']",1,7.5,3259,amazon
ts94096,2020,46,['scifi'],1,5.6,593,amazon
ts251392,2020,48,['documentation'],1,0.0,0,amazon
ts109806,2019,21,['comedy'],1,7.9,582,amazon
ts84637,2019,24,"['animation', 'action', 'fantasy', 'horror']",1,8.3,15270,amazon
ts251020,2020,45,"['thriller', 'crime', 'drama']",2,7.6,17833,amazon
ts88367,2019,24,"['scifi', 'animation', 'family']",1,7.2,224,amazon
ts221362,2019,45,"['action', 'drama', 'comedy']",2,8.7,89029,amazon
ts87398,2019,42,"['documentation', 'reality']",3,3.5,185,amazon
ts241085,2020,49,['documentation'],1,7.5,15,amazon
ts89075,2019,75,"['drama', 'comedy', 'romance']",2,7.7,4836,amazon
ts87384,2019,46,"['drama', 'action', 'thriller', 'romance']",1,6.9,10464,amazon
ts218488,2020,59,"['action', 'drama', 'history', 'war']",2,6.7,3843,amazon
ts148398,2020,64,"['drama', 'thriller', 'action', 'crime']",2,8.1,34,amazon
ts237536,2020,33,"['comedy', 'drama']",2,8.9,73297,amazon
ts188353,2020,25,"['drama', 'comedy']",1,7.5,3208,amazon
ts253654,2020,43,['documentation'],1,6.1,53,amazon
ts131867,2019,23,"['western', 'action', 'comedy']",1,7.1,34,amazon
ts237364,2020,23,"['action', 'comedy', 'drama', 'family', 'fantasy', 'animation']",2,7.1,1098,amazon
ts82702,2020,45,"['drama', 'fantasy', 'romance']",1,8.1,880,amazon
ts251536,2020,27,[],1,5.6,221,amazon
ts88827,2019,60,"['scifi', 'romance', 'thriller', 'fantasy']",1,7.7,1883,amazon
ts238737,2020,10,['comedy'],1,6.4,10,amazon
ts235732,2020,23,['reality'],1,8.2,53,amazon
ts240003,2020,88,"['horror', 'comedy']",3,4.6,9,amazon
ts86928,2019,75,"['action', 'drama', 'history', 'romance']",1,8.0,1156,amazon
ts187574,2020,53,"['crime', 'action', 'thriller']",1,7.4,856,amazon
ts110030,2020,67,['comedy'],1,0.0,0,amazon
ts230475,2019,33,['reality'],1,8.5,59,amazon
ts91649,2019,11,['comedy'],1,7.8,57,amazon
ts88435,2020,54,"['crime', 'thriller', 'drama', 'action']",1,5.9,618,amazon
ts90902,2019,63,"['drama', 'romance']",1,7.8,1651,amazon
ts223427,2019,14,"['comedy', 'family', 'history', 'animation']",1,7.7,129,amazon
ts230248,2020,45,['drama'],1,7.5,245,amazon
ts227574,2019,23,"['animation', 'drama', 'thriller', 'action']",1,6.4,598,amazon
ts218118,2019,55,"['documentation', 'crime', 'war']",1,6.6,158,amazon
ts251561,2020,48,['documentation'],1,6.3,26,amazon
ts237215,2020,43,['thriller'],1,0.0,0,amazon
ts217261,2019,44,"['sport', 'documentation', 'drama']",2,8.0,2131,amazon
ts97421,2020,20,['scifi'],1,4.7,22,amazon
ts240201,2020,77,"['documentation', 'history', 'war']",1,8.1,200,amazon
ts255185,2020,58,"['documentation', 'war']",1,8.1,624,amazon
ts259788,2020,18,[],3,2.0,150,amazon
ts221035,2020,23,['drama'],1,0.0,0,amazon
ts268505,2020,45,['action'],1,0.0,0,amazon
ts223977,2020,46,"['documentation', 'crime']",1,7.8,2748,amazon
ts262117,2020,23,"['comedy', 'scifi', 'animation', 'action']",1,7.3,8,amazon
ts105805,2020,25,"['drama', 'romance']",1,2.8,15598,amazon
ts225837,2020,44,"['action', 'drama']",1,0.0,0,amazon
ts269682,2020,88,['comedy'],2,0.0,0,amazon
ts251714,2020,30,['documentation'],1,7.5,1877,amazon
ts88926,2019,50,"['drama', 'romance']",1,8.3,11400,amazon
ts92399,2019,27,['comedy'],2,5.9,2483,amazon
ts216637,2019,25,"['scifi', 'animation', 'comedy', 'fantasy']",1,6.9,24,amazon
ts186214,2020,37,"['war', 'action', 'drama', 'history']",2,7.9,5514,amazon
ts225492,2020,70,['drama'],1,0.0,0,amazon
ts215237,2020,43,"['drama', 'horror', 'reality']",1,6.4,75,amazon
ts223211,2020,47,"['drama', 'scifi', 'fantasy', 'romance', 'action']",1,8.2,747,amazon
ts252005,2020,40,"['scifi', 'comedy', 'fantasy', 'romance']",1,7.8,78,amazon
ts188338,2019,18,"['history', 'drama', 'thriller']",3,6.0,169,amazon
ts224991,2020,50,"['documentation', 'sport']",1,7.1,584,amazon
ts243572,2020,44,['drama'],1,5.9,286,amazon
ts243944,2020,19,"['reality', 'drama', 'history']",4,8.1,19,amazon
ts235753,2020,42,['reality'],3,0.0,0,amazon
ts251977,2020,45,[],2,6.6,165,amazon
ts89818,2019,38,['documentation'],1,6.5,520,amazon
ts105708,2019,58,"['documentation', 'sport']",1,8.1,725,amazon
ts88565,2019,42,['documentation'],1,7.7,817,amazon
ts237746,2020,29,['documentation'],1,6.9,53,amazon
ts258978,2020,27,"['drama', 'romance']",4,8.1,19,amazon
ts90283,2019,43,['reality'],1,5.5,102,amazon
ts217920,2019,28,['drama'],1,0.0,0,amazon
ts113028,2019,56,['reality'],1,4.1,409,amazon
ts276581,2019,4,['drama'],1,0.0,0,amazon
ts251859,2020,41,"['family', 'drama']",1,0.0,0,amazon
ts231707,2019,18,['drama'],1,4.6,26,amazon
ts88687,2019,46,['action'],1,0.0,0,amazon
ts220115,2019,44,['drama'],1,0.0,0,amazon
ts223869,2019,45,"['drama', 'thriller', 'comedy', 'romance', 'action', 'history']",1,7.6,286,amazon
ts237593,2020,43,['drama'],1,0.0,0,amazon
ts225623,2020,43,['action'],1,0.0,0,amazon
ts105548,2019,20,"['family', 'drama', 'comedy', 'action', 'thriller', 'animation', 'fantasy']",3,5.7,1438,amazon
ts286832,2019,47,['drama'],1,6.9,112,amazon
ts256526,2020,50,"['drama', 'comedy', 'fantasy', 'sport']",1,8.6,175,amazon
ts237273,2020,22,"['drama', 'comedy']",3,4.1,435,amazon
ts214857,2020,53,"['crime', 'drama', 'thriller']",1,6.1,5464,amazon
ts186880,2019,47,"['crime', 'drama']",2,6.7,81,amazon
ts101897,2019,45,"['action', 'drama', 'fantasy', 'history', 'romance', 'war']",1,7.3,122,amazon
ts269240,2020,45,"['drama', 'history']",1,6.8,104,amazon
ts235770,2020,46,"['drama', 'history', 'music', 'romance', 'war']",1,8.7,111,amazon
ts221220,2019,48,"['romance', 'comedy', 'drama']",1,5.7,36,amazon
ts269289,2020,58,"['comedy', 'thriller', 'drama', 'romance']",1,7.3,301,amazon
ts225406,2020,32,['drama'],1,0.0,0,amazon
ts220245,2019,47,['action'],1,0.0,0,amazon
ts237627,2020,40,"['comedy', 'fantasy', 'romance', 'drama']",1,7.9,704,amazon
ts212973,2020,45,"['drama', 'romance']",1,7.4,17,amazon
ts256175,2020,41,['drama'],1,0.0,0,amazon
ts213763,2019,42,"['drama', 'fantasy', 'history', 'scifi']",1,8.3,25,amazon
ts223636,2019,43,['drama'],1,0.0,0,amazon
ts108985,2019,25,"['animation', 'fantasy']",3,8.9,194,amazon
ts226596,2020,41,"['thriller', 'drama', 'history', 'romance']",1,8.3,74,amazon
ts88813,2019,23,"['drama', 'history']",1,6.6,35,amazon
ts256892,2020,45,['war'],1,0.0,0,amazon
ts255098,2020,41,['drama'],1,7.1,22,amazon
ts222503,2019,45,"['drama', 'romance']",1,8.1,66,amazon
ts192297,2019,16,"['family', 'animation']",5,5.3,96,amazon
ts90671,2019,22,['comedy'],3,7.1,110,amazon
ts225989,2019,24,"['drama', 'romance']",1,6.5,128,amazon
ts262717,2020,50,['reality'],1,6.5,572,amazon
ts253811,2020,45,['drama'],1,0.0,0,amazon
ts251348,2020,45,"['romance', 'drama', 'history']",1,6.6,11,amazon
ts251959,2020,38,['drama'],1,0.0,0,amazon
ts304666,2020,29,"['scifi', 'fantasy']",3,6.6,11,amazon
ts245147,2020,23,"['family', 'animation']",4,8.6,104,amazon
ts255728,2020,33,"['documentation', 'sport']",1,7.8,88,amazon
ts254670,2020,31,['drama'],1,0.0,0,amazon
ts216972,2019,22,['animation'],1,7.4,31,amazon
ts222938,2019,44,['drama'],1,0.0,0,amazon
ts105254,2019,13,"['animation', 'comedy']",1,7.3,77,amazon
ts106632,2019,4,['comedy'],2,0.0,0,amazon
ts265139,2020,5,"['animation', 'action', 'family']",2,7.3,18,amazon
ts254443,2020,22,['comedy'],1,6.0,615,amazon
ts188533,2019,9,"['animation', 'comedy', 'family']",2,2.8,80,amazon
ts366785,2020,56,[],1,0.0,0,amazon
ts233408,2019,52,['documentation'],3,8.8,21,amazon
ts349880,2020,21,['animation'],1,0.0,0,amazon
ts105631,2020,13,"['comedy', 'drama']",1,5.1,172,amazon
ts240255,2020,20,['reality'],5,6.2,33,amazon
ts187963,2019,24,"['comedy', 'documentation']",1,7.8,210,amazon
ts268847,2020,30,['drama'],1,0.0,0,amazon
ts313162,2020,52,"['documentation', 'history', 'war']",1,7.4,26,amazon
ts214494,2019,36,['comedy'],1,5.9,271,amazon
ts264086,2020,13,"['comedy', 'documentation']",1,8.4,98,amazon
ts188279,2019,43,"['western', 'family', 'reality']",1,7.1,65,amazon
ts325835,2020,7,[],1,0.0,0,amazon
ts111637,2019,26,['reality'],1,6.3,19,amazon
ts237801,2020,47,[],1,0.0,0,amazon
ts233538,2020,15,"['thriller', 'drama']",2,7.7,44,amazon
ts93530,2019,22,['comedy'],1,6.9,65,amazon
ts234634,2020,14,"['comedy', 'drama', 'family']",1,0.0,0,amazon
ts292307,2020,6,"['comedy', 'animation']",1,7.4,16,amazon
ts218407,2019,45,['comedy'],1,3.3,8,amazon
ts188351,2019,16,"['family', 'romance', 'comedy', 'drama']",1,9.1,21,amazon
ts265292,2020,39,['reality'],2,0.0,0,amazon
ts343520,2020,39,[],1,0.0,0,amazon
ts213319,2020,45,"['fantasy', 'drama', 'comedy']",1,8.4,97,amazon
ts100430,2020,10,"['animation', 'comedy', 'drama', 'fantasy']",2,8.1,27,amazon
ts277705,2020,34,['comedy'],1,5.1,17,amazon
ts213119,2019,42,"['comedy', 'drama']",2,7.7,23,amazon
ts220801,2019,46,['documentation'],1,6.3,17,amazon
ts266936,2020,14,['animation'],2,7.5,21,amazon
ts298462,2020,2,['animation'],4,0.0,0,amazon
ts274757,2020,12,['animation'],1,7.0,5,amazon
ts278276,2020,1,"['animation', 'family', 'music']",1,0.0,0,amazon
ts231725,2019,29,"['comedy', 'drama']",1,9.7,30,amazon
ts262037,2020,12,"['comedy', 'fantasy', 'animation']",3,7.1,172,amazon
ts374473,2019,59,[],1,8.3,0,amazon
ts238953,2019,25,['documentation'],1,8.3,59,amazon
ts234518,2020,69,['comedy'],1,0.0,0,amazon
ts230062,2019,17,['reality'],1,0.0,0,amazon
ts219433,2020,18,"['history', 'drama']",1,0.0,0,amazon
ts264772,2020,33,[],2,0.0,0,amazon
ts215433,2020,16,"['comedy', 'family', 'fantasy', 'animation']",2,2.8,683,amazon
ts242904,2020,40,"['drama', 'romance']",1,8.4,33,amazon
ts260526,2020,4,['animation'],2,0.0,0,amazon
ts218126,2020,24,['comedy'],1,8.1,48,amazon
ts294685,2020,23,['documentation'],2,0.0,0,amazon
ts213242,2019,21,['drama'],1,5.8,299,amazon
ts265534,2020,2,['comedy'],1,0.0,0,amazon
ts101922,2019,43,['reality'],1,7.3,24,amazon
ts232058,2019,29,[],2,8.5,96,amazon
ts232739,2020,6,['family'],1,8.8,9,amazon
ts298837,2020,13,['animation'],1,6.8,10,amazon
ts264427,2020,27,['reality'],1,8.3,67,amazon
ts228563,2019,22,[],2,0.0,0,amazon
ts228068,2021,57,"['thriller', 'drama', 'horror']",3,7.9,52517,amazon
ts222806,2022,62,"['drama', 'scifi', 'thriller']",1,7.6,65250,amazon
ts296021,2021,46,"['reality', 'documentation', 'comedy']",2,9.0,44581,amazon
ts230063,2022,26,"['comedy', 'fantasy', 'animation', 'action', 'scifi']",3,8.4,32788,amazon
ts296827,2022,46,"['drama', 'fantasy', 'horror']",1,7.1,15136,amazon
ts325752,2022,70,"['fantasy', 'action', 'drama', 'scifi']",1,6.9,322989,amazon
ts314375,2022,49,"['action', 'crime', 'drama', 'thriller']",1,8.1,132377,amazon
ts225313,2022,52,"['drama', 'western']",1,7.9,21821,amazon
ts309360,2022,50,"['crime', 'drama']",1,7.3,9828,amazon
ts225649,2021,43,"['drama', 'comedy']",2,7.1,9494,amazon
ts226290,2022,58,"['drama', 'history']",1,7.3,6103,amazon
ts317220,2021,53,"['drama', 'crime']",1,8.1,91348,amazon
ts233781,2022,58,"['action', 'drama', 'thriller']",2,7.9,94754,amazon
ts300078,2022,45,"['drama', 'crime', 'thriller']",1,7.6,9366,amazon
ts319271,2022,50,"['western', 'drama', 'romance', 'history']",1,7.2,4711,amazon
ts328473,2022,59,"['drama', 'scifi', 'crime', 'thriller']",1,7.7,18298,amazon
ts108603,2022,45,"['comedy', 'drama']",1,8.4,13980,amazon
ts272484,2022,52,['drama'],1,7.7,5063,amazon
ts269167,2022,50,"['western', 'thriller', 'drama']",1,7.1,28723,amazon
ts368725,2022,51,"['action', 'drama', 'fantasy', 'horror', 'thriller']",1,7.1,1269,amazon
ts114855,2022,48,"['western', 'drama']",1,7.1,3194,amazon
ts236449,2021,52,"['drama', 'crime']",2,7.5,4648,amazon
ts281929,2021,45,"['scifi', 'action', 'drama', 'fantasy', 'thriller', 'horror', 'animation']",2,8.7,146618,amazon
ts256111,2022,54,"['drama', 'scifi', 'fantasy']",1,7.4,19386,amazon
ts57325,2021,59,"['scifi', 'drama', 'fantasy', 'action']",1,7.2,87846,amazon
ts343272,2022,21,['comedy'],2,6.6,2297,amazon
ts313947,2022,45,"['action', 'scifi', 'drama', 'fantasy', 'horror', 'thriller']",1,5.9,4288,amazon
ts313840,2021,61,"['crime', 'drama', 'comedy', 'thriller']",2,7.7,13081,amazon
ts88470,2021,57,"['drama', 'thriller']",1,7.6,13946,amazon
ts216926,2021,35,['comedy'],2,7.1,4269,amazon
ts309846,2022,30,"['comedy', 'fantasy', 'horror', 'drama']",2,6.9,3846,amazon
ts269919,2022,49,"['action', 'drama', 'war', 'thriller']",1,7.2,4536,amazon
ts251918,2022,53,"['drama', 'comedy', 'sport', 'family', 'romance']",1,7.5,22822,amazon
ts296664,2021,41,"['documentation', 'comedy']",2,7.5,503,amazon
ts312780,2022,44,"['action', 'drama', 'scifi', 'thriller', 'fantasy']",1,7.3,603,amazon
ts242693,2021,43,"['drama', 'horror', 'thriller']",2,7.4,20774,amazon
ts233948,2022,54,"['crime', 'drama']",2,8.1,6039,amazon
ts298405,2022,52,['drama'],2,6.7,1958,amazon
ts256003,2021,29,"['drama', 'comedy']",2,6.2,786,amazon
ts353299,2022,60,"['music', 'documentation']",1,7.9,379,amazon
ts301852,2022,26,"['drama', 'comedy']",1,5.8,3245,amazon
ts251574,2022,44,"['scifi', 'thriller', 'fantasy', 'horror', 'drama']",1,7.3,10673,amazon
ts269096,2021,64,"['drama', 'romance']",1,7.5,1159,amazon
ts371461,2022,31,"['comedy', 'reality']",1,7.5,178,amazon
ts345528,2022,9,[],1,0.0,0,amazon
ts233954,2021,56,"['crime', 'drama']",3,7.6,4733,amazon
ts281544,2022,45,"['drama', 'romance']",2,7.4,21644,amazon
ts317105,2021,47,"['documentation', 'history']",1,8.5,354,amazon
ts301550,2022,49,"['documentation', 'sport']",1,8.3,5244,amazon
ts352729,2022,33,"['action', 'drama']",1,5.8,22,amazon
ts359646,2022,45,['documentation'],2,7.8,160,amazon
ts276796,2021,29,"['comedy', 'reality']",3,7.3,1992,amazon
ts329593,2022,54,"['music', 'documentation']",1,7.5,104,amazon
ts235293,2021,23,['comedy'],1,6.7,2230,amazon
ts330248,2022,27,['comedy'],1,6.6,125,amazon
ts235426,2022,25,['comedy'],2,8.2,1943,amazon
ts368086,2022,45,['drama'],1,7.2,1374,amazon
ts330139,2022,46,['drama'],1,7.8,1084,amazon
ts370254,2022,24,['documentation'],2,7.2,26,amazon
ts286928,2021,62,"['comedy', 'drama', 'music', 'romance']",1,7.3,1586,amazon
ts364745,2022,29,['comedy'],1,5.6,133,amazon
ts224849,2022,51,"['drama', 'crime']",1,6.7,769,amazon
ts296570,2021,49,"['crime', 'documentation']",1,0.0,0,amazon
ts288324,2021,23,"['comedy', 'scifi']",1,0.0,0,amazon
ts285948,2021,25,['reality'],2,0.0,0,amazon
ts292153,2022,56,"['drama', 'thriller']",1,6.6,3574,amazon
ts238325,2022,51,"['drama', 'thriller', 'war']",1,7.2,752,amazon
ts321051,2021,59,"['drama', 'history']",1,7.0,6122,amazon
ts317630,2021,33,"['drama', 'comedy', 'family']",1,8.2,3446,amazon
ts237035,2021,43,"['action', 'scifi', 'fantasy', 'romance', 'history']",1,8.5,399,amazon
ts304676,2021,58,"['drama', 'action', 'sport']",1,8.0,7272,amazon
ts272409,2021,32,['drama'],2,7.4,776,amazon
ts274557,2021,26,['comedy'],3,6.9,995,amazon
ts241613,2022,27,"['comedy', 'drama', 'music']",1,0.0,0,amazon
ts374232,2022,44,['thriller'],1,0.0,0,amazon
ts241892,2021,28,"['documentation', 'reality', 'comedy']",1,8.5,2387,amazon
ts363735,2022,29,"['drama', 'comedy']",1,6.1,352,amazon
ts286567,2022,40,"['drama', 'crime', 'thriller']",1,6.5,262,amazon
ts362775,2022,47,['drama'],1,4.9,496,amazon
ts261377,2021,10,['comedy'],1,7.8,50,amazon
ts293638,2022,28,['documentation'],1,6.8,21,amazon
ts349274,2022,49,"['thriller', 'drama', 'crime']",1,8.2,4183,amazon
ts307383,2021,41,"['documentation', 'crime']",2,7.1,151,amazon
ts81629,2021,59,"['drama', 'fantasy', 'history', 'war']",1,7.4,7687,amazon
ts308875,2022,52,"['drama', 'comedy', 'crime']",1,7.3,915,amazon
ts319406,2022,14,"['action', 'comedy', 'drama', 'scifi', 'animation']",1,6.9,13905,amazon
ts329959,2022,41,"['drama', 'thriller', 'comedy']",1,8.4,5228,amazon
ts330050,2022,33,"['drama', 'comedy']",1,5.8,46,amazon
ts304662,2021,46,['documentation'],1,7.5,3860,amazon
ts363721,2022,32,"['drama', 'comedy', 'romance']",1,6.5,203,amazon
ts368759,2022,27,['documentation'],1,0.0,0,amazon
ts251446,2021,12,"['action', 'animation']",4,7.0,372,amazon
ts307206,2022,53,['drama'],1,7.6,319,amazon
ts296755,2022,41,"['action', 'drama']",1,6.8,1825,amazon
ts304595,2021,51,"['drama', 'documentation', 'history']",1,7.3,238,amazon
ts349372,2022,44,['drama'],1,5.2,868,amazon
ts310958,2021,50,"['documentation', 'sport']",1,7.5,143,amazon
ts362229,2021,21,['comedy'],1,0.0,0,amazon
ts323477,2022,47,['reality'],1,6.2,1659,amazon
ts331561,2022,33,['comedy'],1,7.7,731,amazon
ts293446,2022,30,"['comedy', 'reality']",1,7.3,836,amazon
ts218411,2022,45,"['comedy', 'crime', 'drama', 'thriller']",1,6.6,1686,amazon
ts77339,2021,48,"['drama', 'horror', 'thriller']",1,5.3,8213,amazon
ts346423,2022,50,['drama'],1,7.5,655,amazon
ts304928,2021,70,"['action', 'comedy', 'crime', 'drama', 'fantasy', 'romance', 'thriller', 'scifi']",1,8.0,2702,amazon
ts304430,2021,42,"['drama', 'family']",1,0.0,0,amazon
ts273448,2021,46,['drama'],1,0.0,0,amazon
ts364301,2022,67,['drama'],1,7.7,433,amazon
ts260769,2021,28,"['drama', 'comedy']",2,6.6,775,amazon
ts321305,2022,45,['drama'],1,7.4,17,amazon
ts374548,2022,34,['documentation'],1,7.5,346,amazon
ts345981,2022,48,['reality'],1,4.5,352,amazon
ts296489,2022,46,"['drama', 'romance']",1,7.3,163,amazon
ts283001,2021,63,"['comedy', 'drama', 'romance']",1,7.2,351,amazon
ts301893,2021,46,"['crime', 'drama', 'thriller']",1,7.4,8859,amazon
ts369953,2022,31,"['drama', 'romance']",1,0.0,0,amazon
ts270808,2021,42,"['documentation', 'comedy']",1,5.5,2712,amazon
ts273088,2021,59,"['drama', 'romance']",1,6.7,4937,amazon
ts309908,2021,50,['documentation'],1,8.2,731,amazon
ts269256,2021,65,"['scifi', 'comedy', 'fantasy', 'romance']",1,7.7,3326,amazon
ts360918,2022,51,"['documentation', 'crime']",1,6.5,74,amazon
ts287934,2021,7,"['comedy', 'reality', 'documentation']",1,5.6,979,amazon
ts330112,2022,33,['drama'],1,0.0,0,amazon
ts267704,2022,33,"['comedy', 'drama']",1,8.1,3807,amazon
ts218566,2021,50,"['drama', 'history', 'romance']",1,7.1,793,amazon
ts329433,2022,53,['documentation'],1,7.9,82,amazon
ts368867,2022,50,['documentation'],1,0.0,0,amazon
ts274135,2021,64,"['action', 'drama', 'thriller']",1,7.4,1108,amazon
ts317425,2021,61,"['drama', 'sport', 'documentation']",1,7.1,2048,amazon
ts291735,2022,33,['comedy'],1,7.6,730,amazon
ts314382,2021,46,['documentation'],1,6.0,807,amazon
ts320457,2021,46,[],1,0.0,0,amazon
ts325192,2022,48,"['crime', 'drama', 'thriller']",1,7.3,2533,amazon
ts312119,2021,41,"['documentation', 'music']",2,8.5,799,amazon
ts354438,2022,55,"['reality', 'romance']",1,5.2,249,amazon
ts291402,2021,43,"['reality', 'documentation']",3,6.2,622,amazon
ts321286,2022,50,['documentation'],1,6.6,295,amazon
ts279209,2022,21,[],1,0.0,0,amazon
ts364081,2022,38,"['drama', 'comedy', 'romance']",1,6.5,162,amazon
ts373939,2022,12,"['comedy', 'action', 'drama', 'scifi']",1,7.6,62,amazon
ts362977,2022,53,['reality'],1,8.3,103,amazon
ts344407,2022,44,['crime'],1,8.4,18,amazon
ts363099,2022,32,"['comedy', 'drama']",1,8.5,108,amazon
ts349119,2022,46,"['crime', 'thriller', 'drama', 'fantasy']",1,8.2,8249,amazon
ts233747,2021,27,"['comedy', 'drama']",2,6.2,1215,amazon
ts287994,2021,35,"['drama', 'action']",1,0.0,0,amazon
ts228560,2021,36,"['crime', 'drama', 'comedy']",2,6.6,1324,amazon
ts350425,2022,44,['drama'],1,7.3,3958,amazon
ts346110,2022,54,['reality'],1,3.8,206,amazon
ts259624,2021,30,"['scifi', 'thriller']",1,7.0,15,amazon
ts276453,2022,46,"['thriller', 'drama', 'history']",2,7.7,881,amazon
ts285371,2021,38,"['drama', 'comedy']",1,7.9,1394,amazon
ts287503,2021,57,['drama'],2,0.0,0,amazon
ts371540,2022,55,"['documentation', 'sport']",1,7.1,79,amazon
ts273461,2021,43,"['drama', 'action', 'scifi', 'history', 'romance', 'fantasy']",1,8.5,3225,amazon
ts287720,2021,44,"['action', 'crime', 'drama', 'thriller']",1,6.5,8684,amazon
ts314836,2022,29,['comedy'],1,6.1,127,amazon
ts296937,2021,49,"['comedy', 'romance']",1,7.2,2080,amazon
ts329879,2022,48,['documentation'],1,7.8,387,amazon
ts291806,2022,47,"['reality', 'comedy']",1,7.1,250,amazon
ts288079,2021,48,['drama'],1,0.0,0,amazon
ts356163,2022,43,"['documentation', 'reality']",1,4.2,269,amazon
ts312278,2021,10,['animation'],1,7.7,86,amazon
ts288747,2022,28,['documentation'],1,1.1,13737,amazon
ts351593,2021,3,['animation'],1,0.0,0,amazon
ts273422,2021,26,"['scifi', 'drama', 'fantasy']",1,6.0,4954,amazon
ts366907,2022,32,['documentation'],1,0.0,0,amazon
ts41221,2021,38,"['drama', 'scifi', 'fantasy', 'music', 'thriller']",1,6.5,2127,amazon
ts357473,2022,26,['action'],1,5.1,27,amazon
ts366941,2022,32,['drama'],1,6.4,115,amazon
ts286568,2021,45,['reality'],1,7.5,149,amazon
ts240318,2022,34,"['comedy', 'drama', 'romance']",1,5.8,153,amazon
ts296730,2021,53,['documentation'],1,7.7,67,amazon
ts260461,2022,64,"['documentation', 'reality']",1,7.0,63,amazon
ts300227,2021,43,['action'],1,0.0,0,amazon
ts299876,2021,51,['drama'],1,0.0,0,amazon
ts321312,2022,52,"['documentation', 'comedy']",1,7.2,226,amazon
ts299724,2021,88,['comedy'],1,5.4,8,amazon
ts353929,2022,45,['drama'],1,0.0,0,amazon
ts273290,2021,52,"['drama', 'thriller']",3,6.5,1822,amazon
ts302642,2021,45,"['comedy', 'drama', 'family', 'romance']",1,7.0,536,amazon
ts348250,2022,27,"['comedy', 'drama']",1,4.5,15,amazon
ts222740,2021,28,['scifi'],1,0.0,0,amazon
ts349263,2022,41,"['drama', 'comedy', 'romance']",1,7.9,16297,amazon
ts328598,2022,35,"['drama', 'thriller']",9,6.1,1869,amazon
ts286598,2021,27,"['comedy', 'romance']",1,7.3,99,amazon
ts279446,2021,56,"['documentation', 'crime']",1,5.8,663,amazon
ts303282,2021,43,['reality'],1,4.7,398,amazon
ts117476,2021,25,"['drama', 'crime', 'animation', 'comedy', 'fantasy']",2,5.3,1028,amazon
ts314973,2021,30,['reality'],2,0.0,0,amazon
ts366693,2022,34,"['drama', 'comedy']",1,7.9,59,amazon
ts269687,2021,66,"['documentation', 'reality', 'sport']",1,8.4,301,amazon
ts311574,2021,50,"['documentation', 'sport']",1,8.2,1140,amazon
ts270371,2021,42,"['drama', 'thriller']",1,0.0,0,amazon
ts316651,2021,34,['documentation'],1,4.5,35,amazon
ts271059,2021,44,['scifi'],1,0.0,0,amazon
ts349265,2022,39,"['comedy', 'family', 'romance', 'drama']",1,6.3,291,amazon
ts363838,2022,52,[],1,0.0,0,amazon
ts320060,2021,32,"['reality', 'documentation']",1,6.4,5516,amazon
ts268989,2021,49,['action'],1,0.0,0,amazon
ts259462,2021,52,['drama'],1,6.3,3117,amazon
ts359810,2022,54,"['documentation', 'sport']",1,8.2,242,amazon
ts321053,2021,30,['drama'],1,0.0,0,amazon
ts352890,2022,35,"['documentation', 'music']",1,8.5,117,amazon
ts314386,2021,40,"['documentation', 'music']",1,6.6,56,amazon
ts314009,2021,51,"['family', 'documentation']",1,7.3,79,amazon
ts295392,2021,30,['comedy'],2,6.5,652,amazon
ts326139,2022,40,"['documentation', 'sport']",1,7.9,227,amazon
ts304888,2021,47,['documentation'],1,7.4,539,amazon
ts300446,2021,36,"['comedy', 'drama', 'romance', 'sport']",1,8.3,1360,amazon
ts278942,2021,28,['drama'],1,6.5,45,amazon
ts304299,2021,46,"['thriller', 'drama', 'crime', 'romance']",1,8.6,188,amazon
ts228756,2021,33,"['drama', 'thriller', 'crime']",1,4.6,60575,amazon
ts268277,2021,27,"['reality', 'comedy']",2,6.6,246,amazon
ts271057,2021,45,"['drama', 'war', 'history', 'romance']",1,8.2,358,amazon
ts317685,2021,32,['documentation'],1,7.9,79,amazon
ts304664,2021,24,['comedy'],1,5.6,244,amazon
ts321743,2022,27,['drama'],1,7.1,667,amazon
ts343649,2022,52,['documentation'],1,0.0,0,amazon
ts317083,2021,40,['documentation'],1,0.0,0,amazon
ts289350,2021,46,"['sport', 'documentation']",1,7.4,55,amazon
ts349839,2022,46,"['documentation', 'crime']",1,6.5,550,amazon
ts314872,2021,29,"['crime', 'drama', 'thriller']",1,0.0,0,amazon
ts305915,2021,25,[],1,6.3,0,amazon
ts287314,2021,45,"['drama', 'thriller', 'crime']",1,0.0,0,amazon
ts309923,2021,29,['documentation'],1,7.3,18,amazon
ts327681,2022,9,"['fantasy', 'reality']",1,0.0,0,amazon
ts305326,2021,30,"['documentation', 'drama', 'history']",1,8.1,29,amazon
ts260081,2021,110,"['documentation', 'history']",1,7.8,130,amazon
ts300411,2021,59,['documentation'],1,7.7,272,amazon
ts288033,2021,17,['comedy'],1,6.2,378,amazon
ts259179,2021,28,"['drama', 'comedy']",2,8.4,16,amazon
ts323395,2022,33,['sport'],1,6.3,27,amazon
ts256511,2021,39,"['scifi', 'drama', 'action']",1,0.0,0,amazon
ts353823,2022,44,"['drama', 'romance']",1,7.3,367,amazon
ts222581,2022,46,"['drama', 'romance', 'history', 'family', 'music']",1,7.9,748,amazon
ts272874,2021,45,"['drama', 'comedy', 'scifi']",1,0.0,0,amazon
ts302046,2021,46,['drama'],1,0.0,0,amazon
ts287819,2021,44,['drama'],1,0.0,0,amazon
ts298487,2022,48,"['documentation', 'sport']",1,7.6,282,amazon
ts106920,2021,44,"['crime', 'drama', 'thriller']",1,6.7,774,amazon
ts302481,2021,47,['drama'],1,0.0,0,amazon
ts283113,2021,44,['scifi'],1,0.0,0,amazon
ts296284,2021,36,['comedy'],1,0.0,0,amazon
ts372242,2022,53,"['documentation', 'crime']",1,6.5,334,amazon
ts314245,2022,46,"['thriller', 'drama']",1,0.0,0,amazon
ts314837,2021,72,"['drama', 'music']",1,8.1,95,amazon
ts357678,2021,49,"['comedy', 'drama']",2,6.3,1710,amazon
ts300307,2021,45,"['drama', 'history', 'romance']",1,7.9,124,amazon
ts369797,2022,47,"['comedy', 'crime', 'drama', 'thriller', 'scifi', 'fantasy', 'romance']",1,0.0,0,amazon
ts273173,2021,44,"['drama', 'comedy']",1,0.0,0,amazon
ts300122,2021,40,"['drama', 'action']",1,0.0,0,amazon
ts271391,2021,62,"['comedy', 'drama', 'music', 'romance']",1,7.4,784,amazon
ts273211,2021,46,['drama'],1,0.0,0,amazon
ts286667,2021,44,"['drama', 'comedy', 'history', 'romance']",1,6.8,5,amazon
ts296249,2021,43,"['drama', 'comedy', 'fantasy', 'romance']",1,8.2,177,amazon
ts321614,2021,5,"['animation', 'family']",1,4.4,41,amazon
ts299932,2021,43,['drama'],1,3.8,27,amazon
ts16653,2021,16,"['animation', 'comedy', 'family']",7,7.9,70,amazon
ts272251,2021,45,"['action', 'romance', 'thriller']",1,7.0,26,amazon
ts300503,2021,47,"['drama', 'comedy', 'romance']",1,8.8,56,amazon
ts314536,2022,34,['drama'],1,0.0,0,amazon
ts287818,2021,46,['drama'],1,0.0,0,amazon
ts317707,2021,50,['reality'],1,4.0,214,amazon
ts367982,2022,38,['comedy'],1,0.0,0,amazon
ts293969,2022,10,"['comedy', 'family', 'fantasy', 'scifi', 'animation', 'action']",2,8.2,12,amazon
ts304535,2021,34,"['drama', 'crime', 'fantasy', 'thriller']",1,7.2,6384,amazon
ts330482,2022,45,"['reality', 'comedy']",1,0.0,0,amazon
ts287547,2021,26,['comedy'],1,3.7,1008,amazon
ts349980,2022,41,['drama'],1,0.0,0,amazon
ts302433,2021,25,[],1,0.0,0,amazon
ts306348,2021,30,"['drama', 'action']",1,0.0,0,amazon
ts358192,2022,26,['drama'],1,8.5,1829,amazon
ts306474,2022,53,['reality'],1,6.3,63,amazon
ts367263,2022,45,['documentation'],1,6.7,13,amazon
ts353261,2022,48,"['documentation', 'comedy']",1,0.0,0,amazon
ts296185,2021,32,['reality'],1,0.0,0,amazon
ts282569,2021,14,"['comedy', 'drama']",2,7.2,27,amazon
ts305055,2021,5,['animation'],2,8.5,12,amazon
ts307803,2021,37,['scifi'],1,7.6,29,amazon
ts310345,2021,21,"['crime', 'drama']",1,0.0,0,amazon
ts367259,2022,13,"['animation', 'family']",1,8.5,40,amazon
ts300286,2021,35,['documentation'],1,0.0,0,amazon
ts300143,2021,45,['comedy'],1,0.0,0,amazon
ts286883,2021,47,"['drama', 'comedy', 'action', 'history', 'romance']",1,8.5,95,amazon
ts352580,2021,3,['animation'],1,0.0,0,amazon
ts304204,2021,2,[],1,0.0,0,amazon
ts233830,2021,23,"['comedy', 'family']",1,7.2,137,amazon
ts320425,2021,28,['comedy'],1,0.0,0,amazon
ts316881,2021,5,['animation'],1,0.0,0,amazon
ts313594,2021,30,['drama'],1,6.2,453,amazon
ts296176,2021,51,['documentation'],1,7.7,411,amazon
ts297208,2021,23,['animation'],1,8.1,58,amazon
ts344471,2021,25,['drama'],1,0.0,0,amazon
ts361251,2022,7,['animation'],1,0.0,0,amazon
ts309971,2021,1,[],1,0.0,0,amazon
ts118274,2021,6,['family'],4,9.2,6,amazon
ts69050,2021,40,"['drama', 'crime', 'thriller']",1,4.5,13,amazon
ts94109,2021,23,"['drama', 'comedy']",1,5.2,128,amazon
ts294465,2021,70,['drama'],1,8.3,355,amazon
ts318492,2021,4,['animation'],1,0.0,0,amazon
ts240949,2021,45,['drama'],1,0.0,0,amazon
ts358595,2022,53,['documentation'],1,7.3,42,amazon
ts298848,2021,60,['documentation'],1,0.0,0,amazon
ts239362,2021,24,['documentation'],2,7.5,15,amazon
ts328670,2022,55,[],1,0.0,0,amazon
ts324028,2021,8,"['family', 'horror']",2,6.9,28,amazon
ts290388,2021,30,"['comedy', 'animation']",1,0.0,0,amazon
ts356886,2022,39,['documentation'],1,7.0,35,amazon
ts362448,2022,23,['sport'],1,9.5,10,amazon
ts305280,2021,17,['family'],1,0.0,0,amazon
ts325103,2021,29,['comedy'],1,6.2,24,amazon
ts292268,2021,11,['family'],1,0.0,0,amazon
ts351328,2022,71,[],1,0.0,0,amazon
ts308308,2021,27,"['comedy', 'drama']",2,3.7,9,amazon
ts311059,2021,11,"['sport', 'animation']",2,0.0,0,amazon
ts295076,2021,22,['drama'],2,0.0,0,amazon
ts365617,2021,46,['drama'],1,0.0,0,amazon
ts295958,2021,17,[],1,0.0,0,amazon
ts178833,2021,76,['scifi'],1,6.4,22,amazon
ts275247,2021,24,"['comedy', 'drama']",1,9.2,6,amazon
ts289376,2021,20,"['comedy', 'fantasy']",1,8.2,12,amazon
ts201838,2023,32,"['comedy', 'drama', 'thriller']",1,6.6,5633,amazon
ts311396,2023,44,"['scifi', 'drama', 'fantasy', 'horror']",1,6.3,6565,amazon
ts93861,2023,49,"['drama', 'music']",1,8.1,2116,amazon
ts361538,2023,52,"['crime', 'drama']",1,7.2,3034,amazon
ts256935,2023,51,"['drama', 'scifi', 'thriller']",1,5.8,10212,amazon
ts306198,2023,56,"['drama', 'thriller', 'crime']",1,8.5,20649,amazon
ts379421,2023,60,[],1,0.0,0,amazon
ts364693,2023,63,['drama'],1,7.3,128,amazon
ts378186,2023,32,['drama'],1,4.3,28,amazon
ts312462,2023,39,"['drama', 'western', 'action']",1,6.7,384,amazon
ts283203,2023,51,['drama'],1,6.9,189,amazon
ts377963,2023,34,['comedy'],1,7.0,232,amazon
ts376700,2023,39,['reality'],1,4.6,17,amazon
ts300131,2023,36,"['action', 'drama']",1,0.0,0,amazon
ts372849,2023,97,['reality'],1,9.4,2536,amazon
ts378920,2023,44,"['drama', 'romance']",1,8.1,34,amazon
ts365330,2023,37,['documentation'],1,7.6,335,amazon
ts369924,2023,29,"['comedy', 'reality']",1,6.8,43,amazon
ts379654,2023,58,['reality'],1,0.0,0,amazon
ts363288,2023,165,"['drama', 'action']",1,7.6,10,amazon
ts381882,2023,32,['drama'],1,6.7,48,amazon
ts356296,2023,28,"['comedy', 'drama']",1,0.0,0,amazon
ts379207,2023,31,"['comedy', 'drama']",1,6.5,332,amazon
ts360904,2023,25,"['animation', 'family']",2,7.3,17,amazon
ts382337,2023,33,['documentation'],1,8.1,74,amazon
ts199693,2023,35,"['drama', 'romance']",1,0.0,0,amazon
